time/total_timesteps,time/time_elapsed,rollout/ep_len_mean,rollout/ep_rew_mean,time/fps,time/episodes,train/n_updates,train/actor_loss,train/critic_loss,train/ent_coef,train/ent_coef_loss,train/learning_rate
25,0,25.0,20.133877,1687,1,,,,,,
40,0,20.0,15.41499,1755,2,,,,,,
61,0,20.333333333333332,12.589683666666666,1870,3,,,,,,
100,0,25.0,16.11262025,1940,4,,,,,,
134,9,26.8,20.371799399999997,13,5,660,-11.479278564453125,0.1979753240942955,0.9191272854804993,-0.23600611090660095,0.003
207,31,34.5,36.19727016666666,6,6,2120,-28.487855911254883,0.28558494672179224,0.7429488301277161,-0.646799623966217,0.003
338,70,48.285714285714285,66.47454728571428,4,7,4740,-61.69185256958008,0.2791316032409668,0.5281718969345093,-1.2425179481506348,0.003
391,85,48.875,69.916156,4,8,5800,-73.16558837890625,0.42777109816670417,0.46166330575942993,-1.5825163125991821,0.003
539,131,59.888888888888886,93.49854111111111,4,9,8760,-100.69544219970703,0.5975898683071137,0.31526923179626465,-1.901996374130249,0.003
585,144,58.5,91.92639009999999,4,10,9680,-108.18594360351562,0.3757481314241886,0.2837897837162018,-2.3016748428344727,0.003
680,172,61.81818181818182,101.08520727272726,3,11,11580,-122.23112487792969,0.4781181275844574,0.2321513146162033,-2.281048536300659,0.003
706,181,58.833333333333336,96.45131558333333,3,12,12100,-125.62089538574219,1.4149740740656853,0.22161965072155,-2.074993371963501,0.003
732,188,56.30769230769231,92.44056923076923,3,13,12620,-129.3044891357422,1.4892094656825066,0.21311022341251373,-1.002241849899292,0.003
837,220,59.785714285714285,100.94091728571428,3,14,14720,-142.88746643066406,0.7076225206255913,0.17689000070095062,-2.336578845977783,0.003
937,252,62.46666666666667,106.9411258,3,15,16720,-154.54273986816406,1.2179684400558473,0.14672239124774933,-2.572967529296875,0.003
1029,279,64.3125,110.5967735625,3,16,18560,-163.91903686523438,4.79395563006401,0.1293802112340927,-2.0036442279815674,0.003
1111,305,65.3529411764706,113.00275935294118,3,17,20200,-171.7694549560547,0.6419529408216477,0.1205182671546936,-1.288170337677002,0.003
1199,330,66.61111111111111,116.44664188888889,3,18,21960,-178.75633239746094,0.9957902759313584,0.1128871738910675,-1.5303878784179688,0.003
1300,361,68.42105263157895,119.80716636842106,3,19,23980,-184.79302978515625,1.1886781096458434,0.1016523689031601,-0.9766623973846436,0.003
1390,387,69.5,122.86741375000001,3,20,25780,-190.51507568359375,4.149788057804107,0.0974167063832283,1.805687665939331,0.003
1405,391,66.9047619047619,117.99374871428574,3,21,26080,-190.74342346191406,5.131505346298217,0.09892214089632034,1.261910319328308,0.003
1496,418,68.0,121.88622768181821,3,22,27900,-196.05709838867188,9.76072280406952,0.10954463481903076,0.8107343912124634,0.003
1563,438,67.95652173913044,121.7199339130435,3,23,29240,-203.26193237304688,2.7048364639282227,0.1178765594959259,2.166146755218506,0.003
1665,469,69.375,125.41177041666667,3,24,31280,-209.56695556640625,14.253195548057557,0.11831951886415482,-0.7850767374038696,0.003
1772,499,70.88,129.71951292,3,25,33420,-217.25918579101562,3.0497641265392303,0.11145427078008652,0.6273481845855713,0.003
1859,526,71.5,131.85921619230768,3,26,35160,-221.0322265625,7.668899738788605,0.10733847320079803,-1.4312688112258911,0.003
1953,555,72.33333333333333,134.635557,3,27,37040,-226.382080078125,6.218595391511917,0.1061280146241188,-0.5162239670753479,0.003
2001,570,71.46428571428571,132.9650885,3,28,38000,-229.2596893310547,5.775440871715546,0.10531434416770935,-0.36011189222335815,0.003
2109,602,72.72413793103448,135.5612986551724,3,29,40160,-235.45053100585938,5.217991292476654,0.1125938892364502,0.8060809969902039,0.003
2209,633,73.63333333333334,137.45501563333335,3,30,42160,-240.44601440429688,5.7055745124816895,0.12895303964614868,0.5105699300765991,0.003
2310,661,74.51612903225806,139.25500680645163,3,31,44180,-245.20884704589844,28.98200919628143,0.14587517082691193,0.1187751442193985,0.003
2412,691,75.375,140.97841975,3,32,46220,-250.77186584472656,5.734146595001221,0.14303423464298248,-1.537359595298767,0.003
2487,714,75.36363636363636,140.4851745151515,3,33,47720,-251.1490020751953,12.625659489631653,0.13097910583019257,0.27215972542762756,0.003
2589,744,76.1470588235294,142.32257655882353,3,34,49760,-255.59329223632812,35.447098684310916,0.14393824338912964,1.065461277961731,0.003
2686,774,76.74285714285715,143.1403359142857,3,35,51700,-254.10411071777344,9.928972578048706,0.1607077717781067,0.25495725870132446,0.003
2802,808,77.83333333333333,145.56215527777778,3,36,54020,-260.70526123046875,19.796431374549865,0.16914968192577362,0.005524143576622009,0.003
2904,844,78.48648648648648,147.58843691891892,3,37,56060,-268.21270751953125,28.204435873031617,0.1952468603849411,0.3499232530593872,0.003
3036,881,79.89473684210526,151.17741121052632,3,38,58700,-267.03314208984375,32.418407392501834,0.22710983455181122,0.14360657334327698,0.003
3084,894,79.07692307692308,149.01384443589743,3,39,59660,-266.76416015625,65.20175371170043,0.23280078172683716,-1.3142926692962646,0.003
3171,921,79.275,149.23599912499998,3,40,61400,-267.7542419433594,23.846817541122437,0.25802144408226013,0.3311696946620941,0.003
3275,952,79.8780487804878,150.56160792682925,3,41,63480,-271.937744140625,34.1548357963562,0.23431125283241272,-1.21165132522583,0.003
3378,984,80.42857142857143,152.27916007142858,3,42,65540,-263.18975830078125,18.117134857177735,0.19378399848937988,0.447892963886261,0.003
3511,1287,81.65116279069767,154.75178009302326,2,43,68200,-260.3427429199219,34.629790496826175,0.22026149928569794,0.21592503786087036,0.003
3620,1407,82.27272727272727,156.5644615,2,44,70380,-262.1478271484375,16.564402198791505,0.26462653279304504,-0.5599698424339294,0.003
3754,1567,83.42222222222222,159.3082724888889,2,45,73060,-265.5240478515625,16.76072292327881,0.20217855274677277,-0.5585717558860779,0.003
3863,1699,83.97826086956522,160.58834560869565,2,46,75240,-268.30389404296875,8.9438547372818,0.1789971888065338,0.029774785041809082,0.003
3965,1837,84.36170212765957,160.9933494468085,2,47,77280,-262.82470703125,16.92619032859802,0.17011325061321259,-0.263458788394928,0.003
4083,2129,85.0625,162.50655689583334,1,48,79640,-264.97430419921875,11.50105881690979,0.16536566615104675,0.7544924020767212,0.003
4215,2288,86.0204081632653,165.47357834693878,1,49,82280,-266.82177734375,7.806434273719788,0.13433124125003815,-1.550423264503479,0.003
4342,2444,86.84,167.42849741999999,1,50,84820,-269.9376220703125,11.178476929664612,0.12086278945207596,-0.48246002197265625,0.003
4460,2736,87.45098039215686,169.3931042352941,1,51,87180,-269.42340087890625,12.28749485015869,0.09899891167879105,-0.2209835648536682,0.003
4575,2774,87.98076923076923,171.2071268461538,1,52,89480,-269.2132263183594,9.715382742881776,0.10932838916778564,0.1860819160938263,0.003
4607,2785,86.9245283018868,168.79054016981132,1,53,90120,-268.07330322265625,19.051412796974184,0.11632084846496582,1.4518489837646484,0.003
4737,2828,87.72222222222223,170.67216625925923,1,54,92720,-262.7215881347656,16.52869153022766,0.17439986765384674,-0.38485053181648254,0.003
4855,2866,88.27272727272727,172.47213549090907,1,55,95080,-263.5700378417969,8.846093130111694,0.17820052802562714,-1.2773635387420654,0.003
4958,2900,88.53571428571429,173.4435415535714,1,56,97140,-268.3277282714844,8.352789926528931,0.17263342440128326,0.27348846197128296,0.003
5072,2937,88.98245614035088,174.78695040350877,1,57,99420,-262.0987854003906,12.29686644077301,0.1879553198814392,0.2451479732990265,0.003
5183,2973,89.36206896551724,176.0364317586207,1,58,101640,-264.8297424316406,11.793180227279663,0.20646001398563385,0.10533538460731506,0.003
5283,3005,89.54237288135593,176.37470437288138,1,59,103640,-254.40853881835938,16.189309549331664,0.2579925060272217,-0.31952235102653503,0.003
5386,3037,89.76666666666667,176.86270656666667,1,60,105700,-249.03369140625,15.763343238830567,0.2637122571468353,0.8063631653785706,0.003
5493,3070,90.04918032786885,177.90075677049182,1,61,107840,-240.3547821044922,13.732601737976074,0.3206701874732971,-0.18941816687583923,0.003
5598,3105,90.29032258064517,178.7213616451613,1,62,109940,-213.37033081054688,15.33038535118103,0.41353780031204224,0.488551527261734,0.003
5721,3143,90.80952380952381,180.26624444444448,1,63,112400,-210.99114990234375,15.25342607498169,0.46093592047691345,-0.15510757267475128,0.003
5838,3179,91.21875,181.390175390625,1,64,114740,-205.71127319335938,23.585104751586915,0.4346461892127991,-0.48090285062789917,0.003
5928,3210,91.2,181.4680658153846,1,65,116540,-204.77578735351562,15.568971538543702,0.38508346676826477,0.057865649461746216,0.003
6053,3251,91.71212121212122,182.96413348484847,1,66,119040,-205.43560791015625,14.175514936447144,0.3281891942024231,-0.34255892038345337,0.003
6107,3270,91.14925373134328,181.41258276119402,1,67,120120,-204.87338256835938,11.690208768844604,0.30475783348083496,0.0423470214009285,0.003
6285,3328,92.42647058823529,183.45006952941173,1,68,123680,-202.2534637451172,9.151239562034608,0.2808806300163269,0.7015962600708008,0.003
6333,3344,91.78260869565217,181.21602960869564,1,69,124640,-205.12179565429688,8.240846204757691,0.296464741230011,-0.045595310628414154,0.003
6368,3355,90.97142857142858,178.82435578571426,1,70,125340,-209.8472442626953,9.536962842941284,0.3020072877407074,-0.12851527333259583,0.003
6419,3371,90.40845070422536,176.6242318309859,1,71,126360,-204.74346923828125,10.591573333740234,0.3148541748523712,0.28389132022857666,0.003
6463,3386,89.76388888888889,174.51193419444442,1,72,127240,-210.490234375,10.844768261909485,0.32391709089279175,-0.2321409285068512,0.003
6639,3442,90.94520547945206,176.31455393150682,1,73,130760,-217.88189697265625,8.253182053565979,0.2685249447822571,0.23741228878498077,0.003
6745,3476,91.14864864864865,176.73931918918916,1,74,132880,-218.89622497558594,7.13519606590271,0.25531005859375,-0.011716080829501152,0.003
6947,3543,92.62666666666667,179.5881889333333,1,75,136920,-225.96998596191406,6.660742461681366,0.24676217138767242,-0.15192900598049164,0.003
7067,3580,92.98684210526316,180.22510661842102,1,76,139320,-224.36917114257812,5.589211130142212,0.22318200767040253,-0.25499555468559265,0.003
7303,3658,94.84415584415585,184.71311128571426,1,77,144040,-216.9969024658203,5.33607702255249,0.20680035650730133,-0.3921878933906555,0.003
7406,3693,94.94871794871794,185.19338001282048,2,78,146100,-230.97793579101562,5.865395641326904,0.19188889861106873,-0.04161519557237625,0.003
7506,3728,95.0126582278481,185.2458675063291,2,79,148100,-223.1974639892578,7.624247312545776,0.16275295615196228,-0.8114244937896729,0.003
7592,3757,94.9,185.127177525,2,80,149820,-229.51449584960938,5.600637435913086,0.17143043875694275,0.02810584008693695,0.003
7732,3805,95.45679012345678,186.6676967160494,2,81,152620,-223.19088745117188,7.54477891921997,0.19354161620140076,-0.5843760967254639,0.003
7853,3843,95.76829268292683,187.6156712195122,2,82,155040,-228.42935180664062,6.576607251167298,0.20885241031646729,0.451063871383667,0.003
7975,3882,96.08433734939759,188.56291193975903,2,83,157480,-211.47805786132812,7.673708367347717,0.21717248857021332,0.30475103855133057,0.003
8060,3910,95.95238095238095,188.31972991666666,2,84,159180,-212.34402465820312,5.852240824699402,0.21549803018569946,-0.2800412178039551,0.003
8164,3944,96.04705882352941,188.64822368235292,2,85,161260,-203.53030395507812,6.304681372642517,0.20570313930511475,-0.5328096151351929,0.003
8247,3972,95.8953488372093,188.20631659302325,2,86,162920,-193.5572967529297,6.395603537559509,0.20909704267978668,0.28518974781036377,0.003
8409,4024,96.65517241379311,190.1444494597701,2,87,166160,-188.09130859375,5.690447854995727,0.2547404170036316,-0.04262148588895798,0.003
8523,4063,96.85227272727273,190.352172125,2,88,168440,-186.71827697753906,6.227695035934448,0.2521800100803375,-0.39251238107681274,0.003
8846,4172,99.3932584269663,195.9294747191011,2,89,174900,-178.4302215576172,6.621578884124756,0.2813412547111511,0.5195773839950562,0.003
8957,4207,99.52222222222223,195.7128957888889,2,90,177120,-181.78993225097656,6.212439799308777,0.29961514472961426,-0.1827176809310913,0.003
9220,4297,101.31868131868131,199.73138425274726,2,91,182380,-189.92034912109375,7.452827405929566,0.28228244185447693,0.019902758300304413,0.003
9459,4374,102.81521739130434,203.5590338695652,2,92,187160,-195.55691528320312,4.9817835807800295,0.24277010560035706,-0.28549444675445557,0.003
9711,4455,104.41935483870968,207.7712316451613,2,93,192200,-190.61557006835938,4.234441745281219,0.22084404528141022,-0.17307864129543304,0.003
9917,4526,105.5,209.48469865957446,2,94,196320,-198.66278076171875,4.7530990719795225,0.22428648173809052,-0.057107530534267426,0.003
10376,4683,109.22105263157894,219.76753215789472,2,95,205500,-198.7027130126953,3.5802582263946534,0.16230568289756775,0.22151100635528564,0.003
10557,4744,109.96875,222.32350717708334,2,96,209120,-201.13088989257812,3.5018943428993223,0.14906439185142517,-0.7583754062652588,0.003
10853,4842,111.88659793814433,228.34765487628866,2,97,215040,-198.53244018554688,4.001548659801483,0.1580202281475067,0.8408581018447876,0.003
10956,4877,111.79591836734694,228.40492346938774,2,98,217100,-202.8383026123047,4.342011177539826,0.14552535116672516,-0.3661006987094879,0.003
11090,4921,112.02020202020202,229.42310206060603,2,99,219780,-205.80262756347656,4.089982724189758,0.1482616513967514,-0.020289674401283264,0.003
11296,4989,112.96,233.30104240999998,2,100,223900,-213.85012817382812,6.628303790092469,0.154180645942688,-0.3094996213912964,0.003
11398,5025,113.73,235.26136431999996,2,101,225940,-212.41580200195312,4.289722871780396,0.1625262051820755,0.36935868859291077,0.003
11561,5083,115.21,239.94643430999997,2,102,229200,-204.7306365966797,8.049516224861145,0.15881067514419556,-0.11471567302942276,0.003
11705,5134,116.44,243.99746611999996,2,103,232080,-225.50616455078125,5.481902647018432,0.17527583241462708,0.6222480535507202,0.003
11842,5180,117.42,247.54875182,2,104,234820,-218.71484375,5.39479706287384,0.17560549080371857,0.13594429194927216,0.003
11996,5234,118.62,251.70737413999998,2,105,237900,-210.79624938964844,5.7083546161651615,0.18781626224517822,-0.4841577112674713,0.003
12145,5286,119.38,254.78411775999996,2,106,240880,-215.391845703125,5.807385623455048,0.20353659987449646,0.35641032457351685,0.003
12297,5337,119.59,256.60130588,2,107,243920,-225.1279296875,13.8695645570755,0.18466126918792725,-0.3686436414718628,0.003
12500,5403,121.09,261.78621118,2,108,247980,-226.02505493164062,10.271174764633178,0.18175143003463745,-0.5168259143829346,0.003
12687,5466,121.48,264.33412563,2,109,251720,-221.0609893798828,6.509460842609405,0.16450566053390503,0.02066010981798172,0.003
12906,5540,123.21,270.03160438,2,110,256100,-222.644287109375,6.566127026081086,0.1564805507659912,0.3708283603191376,0.003
13130,5615,124.5,274.53908697,2,111,260580,-223.5330810546875,6.709531188011169,0.14710615575313568,-0.41052618622779846,0.003
13336,5683,126.3,280.02330885,2,112,264700,-231.54884338378906,6.368536221981048,0.15072952210903168,0.14626622200012207,0.003
13502,5739,127.7,284.39712627,2,113,268020,-225.82325744628906,5.40669025182724,0.14246198534965515,0.007570859044790268,0.003
13655,5790,128.18,286.63676645,2,114,271080,-228.71542358398438,6.421199440956116,0.1637762188911438,-0.16040146350860596,0.003
13838,5852,129.01,290.08100316,2,115,274740,-232.20779418945312,7.612110877037049,0.1604345142841339,-0.1606326699256897,0.003
14001,5906,129.72,293.16976417,2,116,278000,-227.50527954101562,6.571557354927063,0.18381814658641815,-0.08539733290672302,0.003
14185,5968,130.74,297.14577636999996,2,117,281680,-228.28173828125,6.333873820304871,0.18536828458309174,-0.1877826452255249,0.003
14411,6044,132.12,302.14459619,2,118,286200,-217.17544555664062,7.054781270027161,0.16164278984069824,-0.02659153938293457,0.003
14585,6101,132.85,305.40797651,2,119,289680,-215.14654541015625,6.4642189025878904,0.16468487679958344,-0.2755480408668518,0.003
14765,6159,133.75,309.0064271,2,120,293280,-208.88784790039062,4.813138127326965,0.18842554092407227,0.3615722060203552,0.003
14906,6203,135.01,311.91199634000003,2,121,296100,-214.49728393554688,7.484022569656372,0.20353658497333527,-0.025265486910939217,0.003
15155,6286,136.59,317.54063771,2,122,301080,-221.42510986328125,5.476669251918793,0.18702039122581482,-0.2857171893119812,0.003
15380,6360,138.17,323.23408471,2,123,305580,-217.62234497070312,5.691619050502777,0.1632087230682373,-0.2373163104057312,0.003
15604,6435,139.39,328.0352809,2,124,310060,-209.8792724609375,7.5479861974716185,0.13018816709518433,-0.2830846905708313,0.003
15783,6496,140.11,331.02037236,2,125,313640,-216.57992553710938,4.486038613319397,0.1383969485759735,0.05927370488643646,0.003
16011,6569,141.52,336.19450633,2,126,318200,-211.39007568359375,4.2572833776474,0.1514202058315277,-0.01709333062171936,0.003
16237,6645,142.84,341.06282437999994,2,127,322720,-225.21273803710938,5.1565927028656,0.136432483792305,-0.09675039350986481,0.003
16472,6724,144.71,347.28638728999994,2,128,327420,-227.6104736328125,5.765321409702301,0.16720528900623322,1.0454236268997192,0.003
16696,6795,145.87,352.01354426,2,129,331900,-225.42051696777344,4.832987999916076,0.18498873710632324,0.3865819275379181,0.003
16929,6870,147.2,357.30296351,2,130,336560,-227.31607055664062,5.3998401999473575,0.18008923530578613,0.030989117920398712,0.003
17152,6945,148.42,362.0433911,2,131,341020,-226.9617919921875,4.4063904047012326,0.18098708987236023,-0.4168091416358948,0.003
17385,7018,149.73,367.26425407000005,2,132,345680,-229.28494262695312,4.92797178030014,0.18025070428848267,-0.12220131605863571,0.003
17714,7126,152.27,376.38848416,2,133,352260,-224.4131317138672,3.9348328471183778,0.17697113752365112,-0.15507559478282928,0.003
17850,7172,152.61,377.32471462,2,134,354980,-222.89505004882812,5.597327291965485,0.18344393372535706,0.2678427994251251,0.003
17985,7217,152.99,378.55942789999995,2,135,357680,-221.1629180908203,5.12153570652008,0.18143011629581451,-0.315731942653656,0.003
18288,7318,154.86,385.41432584999995,2,136,363740,-221.64089965820312,4.487907207012176,0.18139831721782684,0.10744557529687881,0.003
18558,7410,156.54,391.600965,2,137,369140,-221.89776611328125,7.241350603103638,0.17075490951538086,0.8590052127838135,0.003
18809,7493,157.73,396.41575244,2,138,374160,-216.22882080078125,4.473350882530212,0.16942113637924194,0.07141560316085815,0.003
19107,7587,160.23,405.13751869,2,139,380120,-221.86550903320312,4.749790561199188,0.18159082531929016,0.5965138673782349,0.003
19386,7680,162.15,412.35576783000005,2,140,385700,-217.75775146484375,4.340099668502807,0.1668924242258072,0.1782204955816269,0.003
19705,7781,164.3,420.21508678,2,141,392080,-222.0072021484375,6.308528089523316,0.1757141500711441,0.06713597476482391,0.003
19976,7871,165.98,426.41415805,2,142,397500,-212.80812072753906,3.7973454117774965,0.16634011268615723,-0.4505377411842346,0.003
20259,7956,167.48,432.40469537999996,2,143,403160,-225.0177001953125,4.398460233211518,0.17023780941963196,-0.19818976521492004,0.003
20592,8065,169.72,440.63657513000004,2,144,409820,-218.2138671875,8.079313147068024,0.17748421430587769,0.44165655970573425,0.003
20897,8167,171.43,447.57916718000007,2,145,415920,-220.3539276123047,4.044619381427765,0.16433964669704437,0.015161940827965736,0.003
21173,8257,173.1,453.9348607300001,2,146,421440,-219.66995239257812,3.559628939628601,0.16818071901798248,0.05655963346362114,0.003
21593,8395,176.28,465.12654736,2,147,429840,-217.07760620117188,4.1188271880149845,0.16491833329200745,0.2265676110982895,0.003
22199,8588,181.16,482.0486348400001,2,148,441960,-225.31979370117188,4.219615340232849,0.17922472953796387,0.2749551832675934,0.003
22986,8837,187.71,504.01462034,2,149,457700,-225.98342895507812,3.9073455214500425,0.21070921421051025,0.04113902151584625,0.003
23581,9030,192.39,520.30186902,2,150,469600,-225.58651733398438,4.354462051391602,0.20517803728580475,-0.3508487045764923,0.003
24581,9345,201.21,547.91259109,2,151,489600,-237.7933349609375,3.7461530923843385,0.1810206174850464,-0.0244126133620739,0.003
25581,9668,210.06,575.7536585800001,2,152,509600,-241.38404846191406,4.606494879722595,0.17232422530651093,0.039836298674345016,0.003
26571,9986,219.64,606.2853873,2,153,529400,-242.10794067382812,3.834405553340912,0.17045770585536957,0.9722204208374023,0.003
27571,10293,228.34,633.9863573,2,154,549400,-243.00479125976562,3.9299813866615296,0.17659622430801392,-0.39581865072250366,0.003
28571,10592,237.16,661.5702075099999,2,155,569400,-250.6773681640625,3.5463748574256897,0.16848598420619965,0.18714392185211182,0.003
29158,10780,242.0,677.5821311099999,2,156,581140,-250.12820434570312,3.5074177384376526,0.16730932891368866,-0.12873372435569763,0.003
29293,10823,242.21,677.9701023399998,2,157,583840,-248.15985107421875,4.5151624321937565,0.17387670278549194,0.08083613216876984,0.003
29444,10872,242.61,678.9258214299999,2,158,586860,-256.2311706542969,6.572118353843689,0.17769043147563934,0.35491758584976196,0.003
30444,11183,251.61,706.9461454999998,2,159,606860,-249.60232543945312,3.4350967407226562,0.16690310835838318,-0.18427789211273193,0.003
31444,11493,260.58,735.20455239,2,160,626860,-258.931640625,4.173691070079803,0.16472792625427246,-0.5036722421646118,0.003
32444,11800,269.51,761.9724577200001,2,161,646860,-254.4208221435547,2.5355955839157103,0.15554791688919067,0.21755412220954895,0.003
33444,12106,278.46,789.41789355,2,162,666860,-258.07293701171875,3.034246361255646,0.15700039267539978,-0.34031999111175537,0.003
34444,12405,287.23,816.8898105400002,2,163,686860,-262.62542724609375,3.655079209804535,0.14122797548770905,0.40453040599823,0.003
35444,12726,296.06,844.7820838900001,2,164,706860,-264.67852783203125,4.053828138113022,0.1335725337266922,0.013911094516515732,0.003
36444,13034,305.16,874.16725969,2,165,726860,-265.43670654296875,3.5858646035194397,0.13025854527950287,-0.10784682631492615,0.003
37444,13338,313.91,901.1057529400001,2,166,746860,-263.75433349609375,4.170470201969147,0.13336461782455444,-0.14094269275665283,0.003
38444,13641,323.37,932.3495598900001,2,167,766860,-266.4302673339844,2.8266148209571837,0.12508609890937805,-0.17060023546218872,0.003
39444,13953,331.59,959.9969233400001,2,168,786860,-259.333984375,3.2540403485298155,0.13363413512706757,-0.3763650357723236,0.003
40444,14264,341.11,990.3340086699999,2,169,806860,-261.11322021484375,3.9982733368873595,0.1158585175871849,-0.3037503957748413,0.003
41444,14575,350.76,1020.76536316,2,170,826860,-270.45098876953125,3.157394814491272,0.12909115850925446,-0.07876398414373398,0.003
42444,14881,360.25,1050.14590541,2,171,846860,-274.078857421875,3.28523051738739,0.12373590469360352,-0.3686554431915283,0.003
43444,15186,369.81,1080.70428683,2,172,866860,-278.39239501953125,3.9225828886032104,0.10949322581291199,-0.02196866273880005,0.003
44444,15493,378.05,1108.67223081,2,173,886860,-278.1050720214844,4.205437672138214,0.12565159797668457,-0.08709260821342468,0.003
45444,15797,386.99,1137.76669376,2,174,906860,-273.488037109375,3.293872368335724,0.10559496283531189,0.11906060576438904,0.003
46444,16103,394.97,1165.18661512,2,175,926860,-273.4546203613281,3.039914584159851,0.09879293292760849,0.09351100772619247,0.003
47444,16407,403.77,1194.30166882,2,176,946860,-273.7814025878906,3.3712003946304323,0.09998059272766113,0.06061403453350067,0.003
48444,16710,411.41,1218.63310633,2,177,966860,-282.2769470214844,2.892861068248749,0.09893709421157837,1.5491762161254883,0.003
49444,17006,420.38,1247.72347939,2,178,986860,-284.05230712890625,3.207294237613678,0.09883451461791992,-0.7495729923248291,0.003
50444,17304,429.38,1277.16280329,2,179,1006860,-283.595703125,3.028590649366379,0.09280630946159363,0.9888306856155396,0.003
51444,17604,438.52,1307.4788427600001,2,180,1026860,-283.4346618652344,2.8699906766414642,0.09667602926492691,0.730185866355896,0.003
52444,17902,447.12,1335.50473785,2,181,1046860,-282.460693359375,2.6385573863983156,0.09312723577022552,-0.2913820147514343,0.003
53444,18204,455.91,1364.1765270200003,2,182,1066860,-281.1239013671875,1.952270156145096,0.08674394339323044,0.44229477643966675,0.003
54444,18499,464.69,1393.1705586300002,2,183,1086860,-281.28656005859375,1.9356957912445067,0.08472466468811035,1.0486326217651367,0.003
55444,18798,473.84,1422.57206049,2,184,1106860,-276.8429260253906,3.086902004480362,0.08795322477817535,0.08366171270608902,0.003
56444,19094,482.8,1451.7579807700001,2,185,1126860,-268.9363098144531,2.3100770831108095,0.09086758643388748,-0.16618315875530243,0.003
57444,19390,491.97,1482.0504213699999,2,186,1146860,-279.9070129394531,2.746842861175537,0.08701919764280319,0.1422593593597412,0.003
58444,19688,500.35,1510.57046394,2,187,1166860,-275.6913146972656,2.0615603029727936,0.08132875710725784,-0.062145695090293884,0.003
59444,19981,509.21,1540.30841877,2,188,1186860,-282.2443542480469,2.886950170993805,0.08648045361042023,-0.34824153780937195,0.003
60444,20271,515.98,1565.42657951,2,189,1206860,-283.1121826171875,2.3322784304618835,0.07923473417758942,-0.07267430424690247,0.003
61277,20514,523.2,1591.4129309200005,2,190,1223520,-287.4267578125,2.328434079885483,0.08429165929555893,1.276763677597046,0.003
62277,20808,530.57,1618.1727809800002,2,191,1243520,-284.44049072265625,3.274888354539871,0.08227246254682541,-0.428926944732666,0.003
62747,20948,532.88,1628.2881185700003,2,192,1252920,-280.81951904296875,2.217985969781876,0.08323398977518082,0.5723117589950562,0.003
63747,21243,540.36,1654.6302311100005,3,193,1272920,-280.697021484375,2.4824822664260866,0.08690136671066284,0.6333673000335693,0.003
64393,21435,544.76,1672.70909363,3,194,1285840,-281.2847900390625,4.001574409008026,0.08320916444063187,0.22720159590244293,0.003
65109,21647,547.33,1684.1999945899997,3,195,1300160,-278.3988952636719,2.611646443605423,0.0761917382478714,0.25453370809555054,0.003
66109,21937,555.52,1711.6289769199998,3,196,1320160,-281.8361511230469,2.2203813672065733,0.0749649628996849,-0.19605766236782074,0.003
67109,22229,562.56,1735.15051453,3,197,1340160,-277.7125549316406,2.0863265454769135,0.0890289917588234,-0.8433805108070374,0.003
67406,22316,564.5,1741.25543775,3,198,1346100,-278.10137939453125,3.0415771543979644,0.08185503631830215,-0.521513044834137,0.003
68406,22607,573.16,1771.43772844,3,199,1366100,-280.8414306640625,2.079228734970093,0.08965592086315155,0.09523947536945343,0.003
68631,22673,573.35,1771.2177731099998,3,200,1370600,-279.6377868652344,1.8272741198539735,0.08251337707042694,0.2696763575077057,0.003
69532,22935,581.34,1799.2502779899996,3,201,1388620,-271.30023193359375,4.366991847753525,0.09494804590940475,-0.9422957897186279,0.003
70394,23186,588.33,1823.0983037899998,3,202,1405860,-273.6383056640625,2.0555417418479918,0.08228066563606262,-0.331246554851532,0.003
71277,23442,595.72,1848.8548123599996,3,203,1423520,-277.65374755859375,3.1970195412635802,0.08757060766220093,-0.21077170968055725,0.003
72277,23734,604.35,1877.2504805700003,3,204,1443520,-281.869384765625,9.044040691852569,0.09153536707162857,-0.25840047001838684,0.003
72977,23936,609.81,1896.3755746200002,3,205,1457520,-277.157470703125,4.15496836900711,0.09662968665361404,0.18576794862747192,0.003
73977,24232,618.32,1924.6005007200001,3,206,1477520,-279.65240478515625,2.2244594275951384,0.07753589749336243,-0.15917085111141205,0.003
74977,24524,626.8,1952.5127538000002,3,207,1497520,-276.785888671875,2.3405612885951994,0.07712572813034058,-0.36767178773880005,0.003
75977,24817,634.77,1978.4810592300003,3,208,1517520,-280.1430969238281,2.6940558195114135,0.07924030721187592,0.13381730020046234,0.003
76977,25111,642.9,2005.4120801600002,3,209,1537520,-280.88140869140625,2.0475996792316438,0.08100225776433945,0.35266077518463135,0.003
77977,25408,650.71,2030.8242092600003,3,210,1557520,-288.04266357421875,2.9768373131752015,0.07796455174684525,0.19896601140499115,0.003
78977,25694,658.47,2056.8779312300003,3,211,1577520,-290.71600341796875,3.1053224980831144,0.07838854193687439,0.3414965569972992,0.003
79345,25803,660.09,2063.7110835500002,3,212,1584880,-285.3313903808594,2.714392226934433,0.07801397144794464,0.1260347068309784,0.003
80345,26097,668.43,2092.2561301600003,3,213,1604880,-286.5151062011719,3.7400316536426543,0.07845643162727356,-0.11716938763856888,0.003
81345,26391,676.9,2120.34019893,3,214,1624880,-286.2379150390625,2.093330031633377,0.07786152511835098,-0.006824105978012085,0.003
82345,26688,685.07,2147.58916448,3,215,1644880,-292.6656494140625,2.180377596616745,0.06526559591293335,-0.03499825298786163,0.003
83230,26954,692.29,2173.06134947,3,216,1662580,-291.37738037109375,1.8030283391475677,0.07704868912696838,-0.11685916036367416,0.003
83525,27042,693.4,2177.7176459,3,217,1668480,-283.9954833984375,2.0329686611890794,0.07666214555501938,0.10728908330202103,0.003
84525,27336,701.14,2203.9861633699998,3,218,1688480,-283.63983154296875,2.031088638305664,0.07537222653627396,-0.6555538773536682,0.003
85525,27637,709.4,2231.341384,3,219,1708480,-286.1275634765625,1.8346785247325896,0.07681405544281006,-0.5343935489654541,0.003
86525,27937,717.6,2258.64457188,3,220,1728480,-281.3370361328125,2.0868877172470093,0.07647833228111267,0.27352142333984375,0.003
87525,28240,726.19,2288.3985709500002,3,221,1748480,-277.58251953125,2.3110749244689943,0.0765826404094696,-0.44925346970558167,0.003
88525,28536,733.7,2314.47913606,3,222,1768480,-287.63958740234375,3.6466975688934324,0.06853928416967392,0.9499109983444214,0.003
89193,28731,738.13,2330.48127515,3,223,1781840,-290.87274169921875,2.249576735496521,0.07289952784776688,-0.4832494556903839,0.003
89755,28898,741.51,2342.13573623,3,224,1793080,-287.9091796875,2.7877829015254973,0.07535869628190994,-0.3868878483772278,0.003
90755,29192,749.72,2368.9549306799995,3,225,1813080,-287.47418212890625,2.0203732371330263,0.08203454315662384,-0.2360495924949646,0.003
91755,29485,757.44,2394.0342434399995,3,226,1833080,-288.5676574707031,2.4561675012111666,0.08197762817144394,-0.025664865970611572,0.003
92755,29782,765.18,2419.1801800400003,3,227,1853080,-286.03472900390625,2.2651069939136503,0.08156344294548035,0.09499967098236084,0.003
93755,30079,772.83,2444.28477583,3,228,1873080,-287.7693176269531,3.030233305692673,0.06669820845127106,0.8479998111724854,0.003
94755,30375,780.59,2469.87512245,3,229,1893080,-296.20880126953125,2.9024779200553894,0.07412079721689224,0.4288816452026367,0.003
95755,30673,788.26,2494.71311334,3,230,1913080,-289.9153747558594,2.494098740816116,0.07387896627187729,-0.250240683555603,0.003
96755,30973,796.03,2520.46244629,3,231,1933080,-289.0616760253906,1.492254638671875,0.07186625897884369,-0.7125829458236694,0.003
97755,31271,803.7,2545.92241115,3,232,1953080,-292.5313720703125,4.925226831436158,0.06675194203853607,-0.08027835190296173,0.003
98138,31385,804.24,2548.87463373,3,233,1960740,-295.23077392578125,1.91090589761734,0.07086847722530365,-1.5785574913024902,0.003
99138,31683,812.88,2578.34639941,3,234,1980740,-290.3848876953125,1.8635294675827025,0.07114836573600769,0.5648968815803528,0.003
100138,31982,821.53,2607.53654845,3,235,2000740,-294.64862060546875,2.291755473613739,0.0809239074587822,-0.3065037131309509,0.003
101138,32281,828.5,2630.9612756399997,3,236,2020740,-291.5556335449219,2.084481751918793,0.06666398048400879,-0.25233790278434753,0.003
102138,32580,835.8,2655.3574641799996,3,237,2040740,-289.3651123046875,2.335857832431793,0.06151141598820686,0.17030960321426392,0.003
103138,32879,843.29,2681.2084908599995,3,238,2060740,-293.80633544921875,11.590416288375854,0.06681852042675018,0.3185131847858429,0.003
104138,33178,850.31,2704.166432159999,3,239,2080740,-293.7974548339844,1.5815238744020461,0.069581039249897,-0.25716134905815125,0.003
105138,33477,857.52,2727.8173750099995,3,240,2100740,-295.13751220703125,2.2490053713321685,0.06920333206653595,-0.1461552083492279,0.003
106138,33770,864.33,2750.2654029099995,3,241,2120740,-291.4848327636719,1.8975468963384627,0.06157563999295235,-0.30283963680267334,0.003
107138,34071,871.62,2774.19946452,3,242,2140740,-290.9169921875,1.5591243147850036,0.08339474350214005,-0.44001030921936035,0.003
108138,34372,878.79,2797.6949935299995,3,243,2160740,-293.0166015625,1.8351234793663025,0.07226976752281189,-0.18602697551250458,0.003
109138,34676,885.46,2819.439433,3,244,2180740,-293.97076416015625,1.620802143216133,0.06493964046239853,-0.13723105192184448,0.003
110138,34981,892.41,2842.46614701,3,245,2200740,-294.80596923828125,2.097579228878021,0.0684974193572998,0.2350246012210846,0.003
111138,35282,899.65,2866.4172148699995,3,246,2220740,-293.9427490234375,1.9206832826137543,0.05812464654445648,-0.6318027377128601,0.003
112138,35586,905.45,2886.90981802,3,247,2240740,-290.8659973144531,1.951198047399521,0.0557364895939827,1.6396815776824951,0.003
112520,35700,903.21,2880.71807125,3,248,2248380,-295.21051025390625,3.0740208864212035,0.0625329241156578,-0.0849808007478714,0.003
113520,36003,905.34,2888.4808998099998,3,249,2268380,-292.2861633300781,1.6522387146949769,0.062088049948215485,-1.065036654472351,0.003
114520,36307,909.39,2902.2789844599993,3,250,2288380,-291.5505065917969,4.421369779109955,0.07020562887191772,0.4454660415649414,0.003
115520,36606,909.39,2905.434519379999,3,251,2308380,-297.31390380859375,2.0502161383628845,0.05584381893277168,-0.5520720481872559,0.003
116269,36835,906.88,2899.95244984,3,252,2323360,-291.7142333984375,2.4902647852897646,0.0611385814845562,-0.18345943093299866,0.003
117269,37137,906.98,2902.4797263499995,3,253,2343360,-291.45806884765625,2.025003045797348,0.07003225386142731,0.636981725692749,0.003
118269,37444,906.98,2904.6308579599995,3,254,2363360,-287.10931396484375,1.9869136273860932,0.061489302664995193,0.4461982846260071,0.003
118909,37641,903.38,2895.15320218,3,255,2376160,-293.511962890625,1.7786426484584807,0.06901082396507263,1.1143535375595093,0.003
119731,37878,905.73,2904.6359216099995,3,256,2392600,-292.68072509765625,2.184903931617737,0.06949514150619507,0.9681189060211182,0.003
120731,38183,914.38,2934.3381967099995,3,257,2412600,-298.9424743652344,1.7791601061820983,0.07306335121393204,-0.16447652876377106,0.003
121731,38482,922.87,2963.3030713399994,3,258,2432600,-297.3448486328125,2.4173849523067474,0.06139717623591423,-1.0265604257583618,0.003
122731,38786,922.87,2965.8835203099998,3,259,2452600,-293.01702880859375,1.9291916370391846,0.07217290997505188,-0.5889634490013123,0.003
123731,39097,922.87,2968.1366067500003,3,260,2472600,-297.16339111328125,1.6118699252605437,0.0605294331908226,0.8037204742431641,0.003
124731,39409,922.87,2971.4938584000006,3,261,2492600,-289.9888916015625,1.4403769195079803,0.06574425846338272,-0.6525543928146362,0.003
125731,39722,922.87,2974.3142073000013,3,262,2512600,-290.5609130859375,1.5878682821989059,0.06399807333946228,-0.3946034014225006,0.003
126731,40032,922.87,2976.33538716,3,263,2532600,-288.670166015625,10.614766091108322,0.06523037701845169,0.9440566301345825,0.003
127731,40339,922.87,2978.32812077,3,264,2552600,-292.74761962890625,3.9536605715751647,0.06692998111248016,-0.3497341573238373,0.003
128731,40646,922.87,2979.507880989999,3,265,2572600,-295.44189453125,1.9278552412986756,0.058085981756448746,0.1989240050315857,0.003
129731,40951,922.87,2982.10920074,3,266,2592600,-292.5790710449219,1.5504947245121001,0.057565029710531235,0.3009916841983795,0.003
130731,41254,922.87,2982.88570301,3,267,2612600,-295.01568603515625,1.7452401161193847,0.051395483314991,-0.8953388333320618,0.003
131731,41564,922.87,2984.8590859999995,3,268,2632600,-296.3243408203125,1.4727268010377883,0.054766833782196045,-0.7644180059432983,0.003
132731,41871,922.87,2987.39088308,3,269,2652600,-301.3382568359375,1.652283075451851,0.05955960974097252,-0.34448984265327454,0.003
133731,42178,922.87,2989.91018016,3,270,2672600,-301.4609069824219,1.7797176539897919,0.05410566180944443,-0.6205511689186096,0.003
134374,42378,919.3,2982.4946228500003,3,271,2685460,-302.91461181640625,2.48252277970314,0.06142112985253334,-0.1836451292037964,0.003
135374,42685,919.3,2984.29617982,3,272,2705460,-298.4832763671875,2.179939866065979,0.06749961525201797,-0.8710633516311646,0.003
136374,42992,919.3,2985.8855790200005,3,273,2725460,-294.12371826171875,1.915026730298996,0.05389406532049179,0.20652058720588684,0.003
137374,43293,919.3,2987.8660396100004,3,274,2745460,-293.1600036621094,7.944286304712295,0.062228258699178696,0.5822234749794006,0.003
138374,43604,919.3,2989.411253290001,3,275,2765460,-300.091064453125,1.7024461388587953,0.06980737298727036,0.1332959085702896,0.003
139374,43915,919.3,2990.6454613700002,3,276,2785460,-296.43896484375,1.4389286905527114,0.05453247204422951,-0.06394226104021072,0.003
140374,44227,919.3,2994.7337616200007,3,277,2805460,-301.5853271484375,1.4198260962963105,0.05468829721212387,-0.3565346598625183,0.003
141374,44527,919.3,2997.5137538000004,3,278,2825460,-303.89215087890625,1.6084943890571595,0.06196444854140282,0.5352460741996765,0.003
142374,44831,919.3,2999.4862892000006,3,279,2845460,-297.08221435546875,2.356332117319107,0.06863671541213989,-0.46099889278411865,0.003
143374,45139,919.3,3000.08652553,3,280,2865460,-295.6678161621094,1.4520471841096878,0.06490131467580795,-0.5002382397651672,0.003
144374,45444,919.3,3002.0939793000002,3,281,2885460,-303.181396484375,2.1494911193847654,0.06035636365413666,-0.7573238015174866,0.003
144651,45524,912.07,2980.31494544,3,282,2891000,-301.3914794921875,1.9093885838985443,0.05888911709189415,-0.41594547033309937,0.003
145651,45827,912.07,2983.0703629300006,3,283,2911000,-299.99639892578125,2.5964833170175554,0.05352973937988281,-0.704714298248291,0.003
145962,45924,905.18,2962.56173701,3,284,2917220,-301.6457214355469,2.28097083568573,0.06079614907503128,0.5582268238067627,0.003
146962,46235,905.18,2964.7366444700006,3,285,2937220,-298.8172607421875,1.9289358139038086,0.0687357559800148,-0.27752459049224854,0.003
147962,46538,905.18,2965.750505690001,3,286,2957220,-295.7764587402344,1.9598954349756241,0.05976198986172676,-0.3849116563796997,0.003
148926,46838,904.82,2966.331161300001,3,287,2976500,-298.58270263671875,1.9729140788316726,0.06106288731098175,-0.23262643814086914,0.003
149257,46941,898.13,2945.7969070600006,3,288,2983120,-298.2854919433594,4.071680271625519,0.061738576740026474,0.35508543252944946,0.003
150257,47252,898.13,2946.4686503500016,3,289,3003120,-296.05242919921875,2.52500701546669,0.06432288885116577,0.6497792601585388,0.003
151257,47559,899.8,2951.460541040001,3,290,3023120,-292.6075134277344,2.0618841469287874,0.07035690546035767,0.1008371114730835,0.003
151554,47652,892.77,2928.83609629,3,291,3029060,-297.16387939453125,2.048645740747452,0.07236597687005997,-0.09307548403739929,0.003
152554,47957,898.07,2946.29625945,3,292,3049060,-297.913330078125,1.5501221120357513,0.06518399715423584,-0.054768845438957214,0.003
153554,48270,898.07,2947.3456366600003,3,293,3069060,-295.8587646484375,2.19144886136055,0.06247879937291145,-0.006456032395362854,0.003
153867,48367,894.74,2936.3577460799993,3,294,3075320,-299.34381103515625,1.5453814804553985,0.062345799058675766,-0.39858755469322205,0.003
154237,48485,891.28,2926.07217882,3,295,3082720,-297.6129455566406,1.9151076883077622,0.06275395303964615,-0.06295707821846008,0.003
154492,48567,883.83,2902.5829661999996,3,296,3087820,-297.40313720703125,2.4795629918575286,0.06349087506532669,0.6422068476676941,0.003
155492,48897,883.83,2904.0600046199997,3,297,3107820,-296.12469482421875,1.5943823754787445,0.0686100497841835,0.1098766028881073,0.003
156492,49213,890.86,2929.0211603099997,3,298,3127820,-296.06903076171875,2.1217890799045565,0.06441421806812286,0.05909112095832825,0.003
