rollout/ep_rew_mean,time/time_elapsed,time/fps,rollout/ep_len_mean,time/total_timesteps,time/episodes,train/critic_loss,train/learning_rate,train/n_updates,train/actor_loss,train/ent_coef_loss,train/ent_coef
-0.890133,0,47,11.0,11,1,,,,,,
0.651424,0,130,17.5,35,2,,,,,,
0.49485266666666666,0,178,17.333333333333332,52,3,,,,,,
0.7024874999999999,0,215,16.5,66,4,,,,,,
0.635138,2,48,20.4,102,5,20.409227085113525,0.003,20,-3.30769744515419,-0.15032832426950335,0.9784505933523178
0.5277353333333333,4,25,18.833333333333332,113,6,0.21319139525294303,0.003,240,-6.073312067985535,-4.639963269233704,0.504731796681881
8.930483857142857,32,8,40.142857142857146,281,7,0.18234633952379226,0.003,3600,-24.858184814453125,0.15093124359846116,0.1418677404522896
6.160350625,43,8,44.0,352,8,0.2557616874575615,0.003,5020,-28.836054039001464,0.004432772099971771,0.1599736914038658
36.57633311111111,76,7,63.111111111111114,568,9,0.4506218731403351,0.003,9340,-60.247986221313475,0.1561600198969245,0.22973390966653823
36.007220000000004,88,7,63.7,637,10,7.964238166809082,0.003,10720,-94.26340293884277,0.036030207807198164,0.7635439455509185
36.526529272727274,122,6,76.27272727272727,839,11,23.93308296203613,0.003,14760,-211.59593658447267,0.05184900751337409,1.5006762385368346
45.71358850000001,172,6,93.66666666666667,1124,12,215.13850860595704,0.003,20460,-584.9128540039062,-0.08329006861895323,3.5611263155937194
61.472659923076925,198,6,97.15384615384616,1263,13,1042.8453643798828,0.003,23240,-1059.541943359375,0.09580302014946937,6.766730403900146
56.167491999999996,216,6,97.07142857142857,1359,14,993.1022094726562,0.003,25160,-1257.606951904297,0.09370881617069245,7.961809182167054
57.5458644,238,6,102.0,1530,15,1883.0952392578124,0.003,28580,-1783.038262939453,-0.025278938561677934,9.090376901626588
53.456593375000004,251,6,101.375,1622,16,1994.4334289550782,0.003,30420,-2076.876806640625,-0.028509149327874184,10.845458269119263
68.66202617647059,280,6,105.41176470588235,1792,17,4023.419055175781,0.003,33820,-2900.2345703125,0.23037830367684364,13.825619745254517
84.13738205555556,308,6,110.0,1980,18,24144.134033203125,0.003,37580,-4178.732897949219,0.35673789530992506,20.260434055328368
81.78195884210527,325,6,108.47368421052632,2061,19,25516.64765625,0.003,39200,-5118.503442382813,9.601376950740814e-05,24.038094997406006
77.24134125,342,6,107.8,2156,20,34300.074609375,0.003,41100,-6533.7740234375,-0.6638526700437068,32.27508411407471
73.39609595238096,356,6,105.9047619047619,2224,21,47524.4234375,0.003,42460,-7685.056396484375,0.4944138742983341,38.322252082824704
82.54461777272728,378,6,106.77272727272727,2349,22,120016.966015625,0.003,44960,-10513.4533203125,-0.21054001599550248,46.24521465301514
94.87225091304349,422,6,112.65217391304348,2591,23,199786.0265625,0.003,49800,-16776.92158203125,-0.5760683596134186,68.66066360473633
91.01028204166668,431,6,110.41666666666667,2650,24,399377.5203125,0.003,50980,-18175.21826171875,-0.10149976909160614,67.45325202941895
86.80393080000002,459,6,112.8,2820,25,595590.3578125,0.003,54380,-23039.296875,0.24337128400802613,86.79076499938965
101.17451253846156,502,6,119.03846153846153,3095,26,3288044.2,0.003,59880,-45777.5947265625,0.35051916986703874,180.46706771850586
97.74311155555559,513,6,117.29629629629629,3167,27,4012237.4625,0.003,61320,-54655.633203125,-0.26765484139323237,215.9319953918457
95.17798571428575,519,6,114.53571428571429,3207,28,5170588.25,0.003,62120,-58834.635546875,0.17767101787030698,234.60416946411132
100.44391355172417,540,6,115.62068965517241,3353,29,10420891.725,0.003,65040,-84156.409765625,0.5284583434462548,328.82374267578126
107.78574593333336,564,6,117.36666666666666,3521,30,19191629.45,0.003,68400,-113020.525390625,-0.8597988978028297,456.592236328125
104.94808958064517,578,6,117.0,3627,31,20605629.7,0.003,70520,-124938.865234375,0.5647822350263596,524.2928131103515
111.06882771875,612,6,118.9375,3806,32,28305743.3,0.003,74100,-156109.078125,0.854182405769825,595.6331512451172
121.41567109090909,664,6,124.57575757575758,4111,33,35329707.8,0.003,80200,-195163.278125,0.028466016054153442,701.3386413574219
118.4440725882353,674,6,122.44117647058823,4163,34,35385376.9,0.003,81240,-199960.43671875,-0.17828979417681695,709.58759765625
115.30789014285715,681,6,119.91428571428571,4197,35,35305201.6,0.003,81920,-200962.40078125,0.6699118599295616,732.6519317626953
112.49779427777779,691,6,117.83333333333333,4242,36,42389066.6,0.003,82820,-206458.0640625,1.167306660115719,738.1367584228516
109.6942708108108,697,6,115.45945945945945,4272,37,39659789.3,0.003,83420,-210714.73828125,0.2797682657837868,745.3360931396485
107.93388457894736,714,6,114.89473684210526,4366,38,44680124.0,0.003,85300,-221544.72890625,0.05804653316736221,772.0055908203125
105.23008133333333,725,6,113.43589743589743,4424,39,43744180.4,0.003,86460,-222116.4265625,1.2244545668363571,785.4161682128906
103.21719349999998,742,6,112.8,4512,40,46316444.8,0.003,88220,-230218.8640625,0.4541804760694504,762.4237670898438
105.12164731707315,794,6,116.85365853658537,4791,41,50264605.0,0.003,93800,-247452.5515625,-0.22733430564403534,820.8622802734375
105.81359028571426,871,5,123.54761904761905,5189,42,59281877.4,0.003,101760,-250906.321875,-0.16624058037996292,886.3885345458984
103.4115272325581,884,5,122.4186046511628,5264,43,61578499.0,0.003,103260,-257599.50703125,-0.2724078863859177,918.7001953125
102.02766352272724,909,5,122.54545454545455,5392,44,77462880.0,0.003,105820,-268094.00625,1.039852812886238,981.31826171875
100.76949357777774,937,5,123.0,5535,45,99167915.2,0.003,108680,-279647.340625,0.7319652602076531,993.6353302001953
101.44929821739126,978,5,125.15217391304348,5757,46,111183609.6,0.003,113120,-297430.6296875,0.35708743408322335,1082.194024658203
100.69764612765952,997,5,124.80851063829788,5866,47,130371190.0,0.003,115300,-305777.04375,-0.4683895602822304,1112.0426452636718
101.17956547916667,1035,5,126.875,6090,48,138473418.8,0.003,119780,-323453.5515625,-0.5371003210544586,1174.7530029296875
99.78486826530612,1065,5,127.89795918367346,6267,49,175932795.2,0.003,123320,-351343.978125,-1.3916666954755783,1294.8589294433593
104.07999258,1097,5,129.14,6457,50,220743772.0,0.003,127120,-369628.971875,0.06518159657716752,1337.3007263183595
103.97099654901962,1131,5,130.37254901960785,6649,51,215654384.8,0.003,130960,-383500.9015625,0.7896616160869598,1411.2446838378905
106.34734565384616,1154,5,130.40384615384616,6781,52,294024434.4,0.003,133600,-400316.821875,0.20791954249143602,1418.2267517089845
109.35572101886794,1186,5,131.47169811320754,6968,53,373100446.4,0.003,137340,-441678.2125,-0.5122427552938461,1514.275732421875
110.65544931481483,1228,5,132.92592592592592,7178,54,412489838.4,0.003,141540,-502754.021875,-0.7793659567832947,1719.5269287109375
112.1499053818182,1253,5,132.87272727272727,7308,55,580672380.8,0.003,144140,-532049.403125,-1.181049007177353,1825.5481201171874
110.05982360714286,1268,5,131.92857142857142,7388,56,632232502.4,0.003,145740,-559212.753125,-0.7607928663492203,1923.8320678710938
112.90212271929823,1288,5,132.0,7524,57,871391865.6,0.003,148460,-632108.01875,-0.6067219972610474,1922.3838745117187
110.93954108620689,1309,5,131.81034482758622,7645,58,986877248.0,0.003,150880,-685921.778125,-0.332530266046524,2145.6180419921875
109.41374823728813,1331,5,131.67796610169492,7769,59,1330657657.6,0.003,153360,-762340.69375,0.037272751331329346,2439.161755371094
108.67252698333331,1352,5,131.41666666666666,7885,60,2928563168.0,0.003,155680,-903409.95,-0.922943064570427,2938.2335815429688
108.86983555737703,1396,5,134.04918032786884,8177,61,12243481497.6,0.003,161520,-1488102.35625,0.7347724109888076,4917.077368164062
110.67394498387095,1428,5,134.90322580645162,8364,62,30942504857.6,0.003,165260,-2124523.8,-0.6630999684333801,7137.94033203125
110.60700309523807,1464,5,136.0,8568,63,102676662784.0,0.003,169340,-3175041.0875,0.4741057738661766,9894.0638671875
113.260708828125,1519,5,138.734375,8879,64,167047902003.2,0.003,175560,-5004087.425,0.6715612679719924,15034.248046875
111.93730055384616,1533,5,138.1076923076923,8977,65,179590671974.4,0.003,177520,-5842382.525,-0.4469056040048599,17288.84658203125
116.58736025757577,1576,5,139.66666666666666,9218,66,408700693708.8,0.003,182340,-7943702.35,0.045905071496963504,21868.84931640625
120.79700492537313,1605,5,140.59701492537314,9420,67,429695630540.8,0.003,186380,-9763955.15,0.39303156435489656,25743.0212890625
123.16214729411764,1675,5,144.2941176470588,9812,68,451610253721.6,0.003,194220,-13060910.55,-0.8834779232740402,34759.1951171875
122.4215407246377,1690,5,143.56521739130434,9906,69,498341656985.6,0.003,196100,-13840645.65,-0.018475851416587828,35524.3220703125
125.39885324285714,1719,5,144.05714285714285,10084,70,547811927654.4,0.003,199660,-14857011.3,0.20602365136146544,35977.564453125
129.56137315492958,1767,5,145.33802816901408,10319,71,492037878579.2,0.003,204360,-15536289.85,-0.02717486321926117,36659.6689453125
129.27728877777778,1809,5,146.65277777777777,10559,72,486940717875.2,0.003,209160,-15575418.5,-0.47341630756855013,34383.84140625
130.46626782191782,1884,5,149.7945205479452,10935,73,397279000985.6,0.003,216680,-15662342.1,0.3041952073574066,32511.17958984375
134.52880997297297,1946,5,152.2027027027027,11263,74,340610955673.6,0.003,223240,-14710759.75,0.8973435074090957,33045.69140625
137.64113694666668,1989,5,153.62666666666667,11522,75,306912885964.8,0.003,228420,-14039094.05,-1.2879615813493728,31520.49462890625
139.28846511842107,2024,5,154.01315789473685,11705,76,304101484953.6,0.003,232080,-13246634.05,0.4680662214756012,29205.13642578125
142.02868944155847,2056,5,154.64935064935065,11908,77,298963197132.8,0.003,236140,-12879602.9,0.39061985313892367,28873.7392578125
142.24887970512822,2089,5,154.73076923076923,12069,78,316143120384.0,0.003,239360,-12464766.6,-1.4335358157753944,28003.89326171875
141.832722721519,2131,5,156.31645569620252,12349,79,254486414131.2,0.003,244960,-11733590.6,-0.822777770459652,28189.23740234375
143.591048,2172,5,156.95,12556,80,241389952204.8,0.003,249100,-11094378.25,-0.1667032867670059,27223.44931640625
144.2479625802469,2240,5,160.03703703703704,12963,81,226390524723.2,0.003,257240,-10757508.1,-0.8229236423969268,26914.3669921875
142.65997397560974,2259,5,159.3658536585366,13068,82,220673039564.8,0.003,259340,-10541181.9,0.745984998345375,27194.29814453125
144.27850920481924,2291,5,159.53012048192772,13241,83,204705591296.0,0.003,262800,-10273923.6,-1.4704689919948577,25612.8080078125
146.2579281428571,2329,5,159.9047619047619,13432,84,199039272550.4,0.003,266620,-10188937.95,0.07133404910564423,26127.09990234375
148.15777272941173,2360,5,160.28235294117647,13624,85,194835961446.4,0.003,270460,-9813900.4,-0.008381867408752441,25396.38310546875
149.88678859302323,2401,5,161.1860465116279,13862,86,173920081510.4,0.003,275220,-9204932.8,-0.5455021739006043,23913.96708984375
149.47142649425285,2433,5,161.19540229885058,14024,87,170015713689.6,0.003,278460,-8846615.8,1.566340336203575,22972.994921875
147.94972986363635,2437,5,159.70454545454547,14054,88,171104994918.4,0.003,279060,-8850657.85,1.2773456007242203,23021.44677734375
146.83939270786516,2461,5,159.35955056179776,14183,89,162834750259.2,0.003,281640,-8417139.15,0.4562102496623993,22279.52998046875
145.3661593888889,2489,5,158.9777777777778,14308,90,162543934259.2,0.003,284140,-8257313.175,0.048073863983154295,22506.4236328125
144.07693715384616,2498,5,157.95604395604394,14374,91,167342987264.0,0.003,285460,-8198145.025,-0.8129536479711532,21718.85068359375
146.18568410869565,2547,5,159.07608695652175,14635,92,168402759680.0,0.003,290680,-8044761.55,0.22201653122901915,23341.77998046875
148.20150449462366,2579,5,159.56989247311827,14840,93,164553984409.6,0.003,294780,-7845732.525,-0.0001785755157470703,22017.07509765625
147.96795985106385,2623,5,160.53191489361703,15090,94,168533164851.2,0.003,299780,-7708101.325,0.9543285667896271,22115.29091796875
147.35526055789475,2641,5,160.2421052631579,15223,95,181143062937.6,0.003,302440,-7731476.875,0.22589619755744933,22912.12900390625
147.33530411458332,2663,5,159.76041666666666,15337,96,188498957926.4,0.003,304720,-7964576.175,0.8652238637208939,22453.944921875
148.21986536082474,2686,5,159.46391752577318,15468,97,184731906867.2,0.003,307340,-7873642.875,1.0043958500027657,22260.07802734375
147.63775647959181,2706,5,158.94897959183675,15577,98,181302944563.2,0.003,309520,-7989882.25,-0.26023139208555224,22936.59130859375
149.2006471111111,2738,5,159.13131313131314,15754,99,200823871078.4,0.003,313060,-7800050.975,-1.7167431592941285,21434.346875
149.46377243999999,2768,5,159.23,15923,100,206214679756.8,0.003,316440,-8103559.625,0.6079971492290497,24612.91865234375
154.39023199999997,2827,5,162.74,16285,101,221551075328.0,0.003,323680,-8369167.9,0.9931338742375374,24253.49951171875
157.94854970999998,2866,5,164.88,16523,102,209833518694.4,0.003,328440,-8480128.375,2.481947070360184,23655.31240234375
159.09814713999998,2888,5,165.67,16619,103,207032673075.2,0.003,330360,-8567039.65,0.5962854832410812,24385.39287109375
159.53844564,2900,5,166.15,16681,104,208476309913.6,0.003,331600,-8610088.675,0.7656832486391068,25165.800390625
161.28436903,2925,5,167.18,16820,105,203880304640.0,0.003,334380,-8792774.55,1.7009611889719962,25761.89482421875
163.05741973999997,2957,5,168.46,16959,106,206171883929.6,0.003,337160,-8761618.75,0.33290389478206633,24684.2203125
165.37191423000002,2990,5,168.45,17126,107,210450032230.4,0.003,340500,-8738063.375,0.28754318952560426,24373.34892578125
168.50971420999997,3026,5,169.51,17303,108,217151724748.8,0.003,344040,-8566121.225,-0.30492382049560546,24583.57548828125
168.34717081,3054,5,169.09,17477,109,211711199641.6,0.003,347520,-8295814.5,-1.2465425997972488,23847.9029296875
168.72479510999997,3074,5,169.51,17588,110,207992291328.0,0.003,349740,-8273032.55,-1.5298661589622498,23163.11064453125
168.359663,3099,5,168.65,17704,111,182028924518.4,0.003,352060,-7934869.625,2.2968394607305527,23309.0169921875
167.75094067999999,3145,5,168.34,17958,112,185914882457.6,0.003,357140,-7629133.775,-0.13786687552928925,22356.440234375
167.64017413000002,3186,5,169.06,18169,113,191159497523.2,0.003,361360,-7317108.225,2.307873731851578,22978.1908203125
173.55453448,3282,5,172.99,18658,114,175014540083.2,0.003,371140,-7223719.575,0.6235921889543533,21982.72548828125
175.17112836999996,3332,5,173.88,18918,115,154556044902.4,0.003,376340,-6757817.0,-0.07058457732200622,20641.88720703125
177.19913429999997,3374,5,175.15,19137,116,146686427955.2,0.003,380720,-6553248.025,0.17444588840007783,19381.7005859375
177.95296197999997,3451,5,177.22,19514,117,129646875852.8,0.003,388260,-5837145.75,1.5745288759469986,18189.70859375
178.1021946,3488,5,177.38,19718,118,117311049728.0,0.003,392340,-5682453.85,-0.9209760636091232,17839.39384765625
179.99164926,3542,5,179.69,20030,119,116731047936.0,0.003,398580,-5318778.1,-1.3003148317337037,16598.8296875
183.17000704999998,3567,5,180.42,20198,120,117169828249.6,0.003,401940,-5168627.05,-0.16210825145244598,16410.558544921874
185.42113253000002,3591,5,181.28,20352,121,107878186188.8,0.003,405020,-4959792.125,0.0428356796503067,16542.84931640625
183.44039862999998,3609,5,181.31,20480,122,101737508454.4,0.003,407580,-4955357.725,-0.29214807152748107,16274.76611328125
182.91023794000003,3637,5,180.84,20675,123,98557565747.2,0.003,411480,-4568785.65,0.3167602151632309,14795.259130859375
184.00757979000002,3664,5,181.83,20833,124,92660242022.4,0.003,414640,-4485071.125,0.7270322561264038,15243.82939453125
184.30894465000006,3672,5,180.56,20876,125,95176636825.6,0.003,415500,-4463771.925,0.021084707975387574,14835.412548828124
183.29265860000004,3714,5,179.91,21086,126,90786032435.2,0.003,419700,-4274214.75,-0.509966641664505,13841.748681640625
185.65221563000003,3737,5,180.57,21224,127,88981260288.0,0.003,422460,-4199221.1375,-0.40983272790908815,13725.190673828125
188.16198160000005,3788,5,183.26,21533,128,92661285273.6,0.003,428640,-4140995.0875,0.9563856899738312,14290.59619140625
190.07024078000003,3829,5,184.23,21776,129,102969850675.2,0.003,433500,-4065906.6375,0.7962915390729904,14098.436767578125
186.34619273,3860,5,184.49,21970,130,89084551987.2,0.003,437380,-4141110.2125,-2.4686767548322677,13932.108544921875
185.89439917999997,3892,5,185.14,22141,131,84791225548.8,0.003,440800,-3889155.5125,-2.6650282740592957,13704.5689453125
182.61528007999993,3912,5,184.56,22262,132,74549055897.6,0.003,443220,-3785338.0625,-0.5559100151062012,13024.459619140625
181.78717959999997,3966,5,184.53,22564,133,75317064704.0,0.003,449260,-3579935.2125,0.6570070713758469,12487.664501953124
183.30129546999996,3991,5,185.21,22684,134,71763303628.8,0.003,451660,-3631776.9375,1.6351645663380623,13315.72177734375
186.56714023999996,4035,5,187.5,22947,135,65682164326.4,0.003,456920,-3420851.1,0.19017484337091445,12534.892041015624
190.65023729,4080,5,189.64,23206,136,61202748620.8,0.003,462100,-3069313.9625,1.161279445886612,11194.1822265625
194.05672339999998,4142,5,192.59,23531,137,56539251712.0,0.003,468600,-2765314.05,0.2645888477563858,10538.867431640625
193.94676879,4164,5,192.71,23637,138,59455132262.4,0.003,470720,-2840137.475,0.31595932245254515,10747.579736328125
195.54673839999998,4197,5,194.11,23835,139,57033270681.6,0.003,474680,-2960867.1375,-0.6559092417359352,11302.749755859375
195.75025412000002,4218,5,194.48,23960,140,61750027878.4,0.003,477180,-2968878.825,0.07295214533805847,11195.77060546875
194.07774589000002,4247,5,193.13,24104,141,63478672179.2,0.003,480060,-3087751.475,0.2637658029794693,11335.547802734374
192.90758939,4273,5,190.62,24251,142,66517080473.6,0.003,483000,-3030308.2,-1.9168203890323638,11308.352783203125
195.27989446,4303,5,191.62,24426,143,60031433932.8,0.003,486500,-3090607.65,-1.4029870927333832,11486.760888671875
195.29017467999998,4325,5,191.53,24545,144,64254088396.8,0.003,488880,-3096802.3,-0.6787042021751404,11179.0802734375
199.3619674,4426,5,196.3,25165,145,70370643353.6,0.003,501280,-3288692.075,-1.427540475130081,11160.13564453125
201.39556746,4461,5,195.95,25352,146,71760576716.8,0.003,505020,-3364590.75,-0.8603866443037986,11681.154443359375
204.03857975,4494,5,196.75,25541,147,71678128128.0,0.003,508800,-3446954.7,0.683185638487339,12090.944775390624
209.11273737,4541,5,197.52,25842,148,79325281484.8,0.003,514820,-3473940.75,1.9326858431100846,11688.85791015625
213.21114598,4593,5,198.69,26136,149,87865441894.4,0.003,520700,-3815512.3875,0.35547976195812225,12512.76611328125
213.46990934999997,4642,5,199.64,26421,150,83397952307.2,0.003,526400,-4022449.025,-1.1403323739767075,12811.899560546875
212.04706904999992,4666,5,199.16,26565,151,80523836825.6,0.003,529280,-3973996.9875,0.5924440413713455,12360.815234375
208.61863478999996,4705,5,200.0,26781,152,81039122841.6,0.003,533600,-3880322.4375,-2.6744927674531938,12215.731103515625
211.98223923999998,4804,5,203.59,27327,153,82490303692.8,0.003,544520,-3634653.35,0.13538302779197692,12249.29453125
213.50411899,4845,5,203.73,27551,154,78923875532.8,0.003,549000,-3611158.2125,1.066490077972412,12395.5021484375
213.68959130000002,4877,5,204.64,27772,155,82313916006.4,0.003,553420,-3542208.025,-2.6194479405879973,12175.546826171874
218.08192822,4921,5,206.22,28010,156,79893856256.0,0.003,558180,-3462770.75,0.8363579124212265,11951.929248046876
218.84727431,4968,5,207.2,28244,157,82709995929.6,0.003,562860,-3317755.2,1.2177736401557921,11470.4541015625
220.30249754999997,5030,5,209.45,28590,158,83737053184.0,0.003,569780,-3274634.85,1.1603753805160522,11702.65546875
220.49786996,5054,5,209.35,28704,159,85471896985.6,0.003,572060,-3349426.575,1.3425156608223916,11894.531640625
221.53922712999997,5113,5,211.16,29001,160,94944143360.0,0.003,578000,-3511094.375,2.851259133219719,11906.158056640625
220.66460249,5150,5,209.99,29176,161,93435815936.0,0.003,581500,-3644898.975,-0.4968367651104927,11896.63876953125
218.74277937000002,5178,5,209.54,29318,162,97130121625.6,0.003,584340,-3753074.8625,-2.9127743244171143,12279.835791015625
222.15875943000003,5241,5,210.98,29666,163,105094683852.8,0.003,591300,-3944253.6375,0.07835794687271118,12937.40712890625
223.95205893,5352,5,214.14,30293,164,145280050380.8,0.003,603840,-4272545.3,0.877999809384346,14159.3515625
227.47488375999998,5435,5,217.56,30733,165,170249096396.8,0.003,612640,-4707893.875,-2.14855652153492,14205.993603515624
223.79421274,5457,5,216.38,30856,166,162475348787.2,0.003,615100,-4723186.075,-0.07151241898536682,15381.65546875
222.65579902000002,5512,5,217.45,31165,167,170892070912.0,0.003,621280,-4992782.175,1.7164431810379028,15700.90068359375
223.23123350000003,5594,5,217.32,31544,168,174288874700.8,0.003,628860,-5214531.9,0.46629112064838407,15968.2001953125
226.11985658,5634,5,218.81,31787,169,190109775052.8,0.003,633720,-5474666.5,-0.8401901453733445,16173.54716796875
225.95572961999997,5670,5,218.91,31975,170,209712308224.0,0.003,637480,-5707034.45,0.04714610278606415,16286.81279296875
224.84888844999998,5698,5,218.31,32150,171,181036315443.2,0.003,640980,-5725159.475,-1.0932390630245208,15368.8853515625
228.67932595999994,5744,5,218.5,32409,172,185639951564.8,0.003,646160,-5870770.2,0.013744109869003296,16666.93408203125
229.20001369999997,5770,5,216.34,32569,173,186006454272.0,0.003,649360,-5784878.375,1.4900750041007995,15956.390283203125
226.49255047000003,5790,5,214.38,32701,174,162947966976.0,0.003,652000,-5848616.4,0.8234617084264755,15120.44423828125
223.23893194000004,5813,5,212.93,32815,175,161221521408.0,0.003,654280,-5729854.1,-1.0025040209293365,14279.921240234375
221.46701416000005,5828,5,212.02,32907,176,156420943052.8,0.003,656120,-5594358.675,0.7108881250023842,14897.208251953125
222.41467801000002,5883,5,212.84,33192,177,149849979699.2,0.003,661820,-5354248.8,-1.0521735906600953,14321.266064453124
223.06985827000005,5910,5,212.76,33345,178,143195817164.8,0.003,664880,-5200068.2,-1.0815064132213592,13825.754150390625
224.36141808000005,5936,5,211.55,33504,179,139600765747.2,0.003,668060,-5299106.65,-1.710648038983345,14332.952685546876
224.38215529000004,5971,5,211.81,33737,180,168357879808.0,0.003,672720,-5435453.575,-0.9864188596606255,14629.84560546875
225.0268255,5996,5,209.25,33888,181,175087633203.2,0.003,675740,-5510365.75,0.18721553981304168,14246.20087890625
226.85059277000005,6022,5,209.95,34063,182,222541297254.4,0.003,679240,-6312128.625,-0.18827579617500306,19024.599609375
226.19652529000004,6053,5,209.82,34223,183,267898567884.8,0.003,682440,-7498310.8,1.472095364332199,21947.281640625
224.66808376,6070,5,208.82,34314,184,268687964569.6,0.003,684260,-8214962.3,-0.5597910046577453,22018.69287109375
224.92947647999998,6105,5,208.93,34517,185,255553316454.4,0.003,688320,-8091106.075,-1.6533217385411263,18832.801171875
225.48881192000002,6137,5,208.47,34709,186,229858122956.8,0.003,692160,-7671363.625,1.574167338013649,17500.14814453125
228.73532857,6185,5,209.71,34995,187,205115183104.0,0.003,697880,-6913028.375,0.2951135128736496,15301.111572265625
229.21899139,6210,5,211.05,35159,188,198878167859.2,0.003,701160,-6545507.875,1.3409369111061096,15265.09423828125
232.22047821,6241,5,211.59,35342,189,203968103219.2,0.003,704820,-6328701.725,0.05465253591537476,16195.1572265625
232.33924214,6279,5,212.74,35582,190,207512003379.2,0.003,709620,-6228883.85,-1.8182190284132957,16470.058544921874
232.27728399000003,6299,5,213.42,35716,191,217243647180.8,0.003,712300,-6449672.95,-0.8869844228029251,16373.62412109375
237.86081330000002,6485,5,220.81,36716,192,249029294489.6,0.003,732300,-7815757.225,-0.9990909725427628,18036.2525390625
239.79298211000005,6593,5,225.76,37416,193,272051361382.4,0.003,746300,-9410689.15,1.9570712208747865,20498.39033203125
241.61024814000004,6676,5,227.65,37855,194,289266176819.2,0.003,755080,-9591445.3,-1.324481162428856,20021.21982421875
247.75692117000003,6856,5,236.32,38855,195,226871234560.0,0.003,775080,-8116848.125,-0.4317764103412628,17201.49375
246.56626917000006,6880,5,236.36,38973,196,231243100160.0,0.003,777440,-7916567.575,-1.1769151106476783,17349.18837890625
244.54641340000006,6908,5,236.33,39101,197,229999754444.8,0.003,780000,-7771811.675,-0.8247527986764908,17087.04892578125
251.62674133000007,7037,5,241.78,39755,198,265540947148.8,0.003,793080,-7431195.65,-0.48643133640289304,17007.10810546875
250.63713429000003,7082,5,242.4,39994,199,281957980569.6,0.003,797860,-7255137.9,-0.1086652159690857,19258.95361328125
252.94214675000003,7132,5,243.51,40274,200,294479278899.2,0.003,803460,-7757380.925,0.18062290102243422,19929.3146484375
251.90275929,7175,5,242.29,40514,201,274005476966.4,0.003,808260,-7662447.575,0.5960243999958038,17675.8544921875
251.43314144000004,7213,5,242.08,40731,202,257752385126.4,0.003,812600,-7258017.25,0.20365611612796783,16831.31484375
252.54976136000005,7240,5,242.64,40883,203,267475107840.0,0.003,815640,-7149782.55,-0.43214330971241,16866.39677734375
257.61792151000003,7307,5,245.72,41253,204,371535957196.8,0.003,823040,-8451910.95,0.01712179183959961,28754.27568359375
256.24951402000005,7334,5,245.73,41393,205,394989935001.6,0.003,825840,-10367518.05,1.7044045850634575,28084.148046875
259.75979893,7450,5,250.42,42001,206,262206826086.4,0.003,838000,-8946881.3,-1.4643449932336807,15773.57060546875
259.00166417,7513,5,252.1,42336,207,255879932313.6,0.003,844700,-8252219.225,-0.06219469904899597,15951.18974609375
261.27310148,7582,5,254.08,42711,208,211087188787.2,0.003,852200,-7628988.65,-0.7966549754142761,14486.8693359375
261.38742393999996,7611,5,253.82,42859,209,201531825356.8,0.003,855160,-7362979.35,1.2669050574302674,15497.987255859374
265.39763219,7662,5,255.41,43129,210,217560095948.8,0.003,860560,-7119130.2,0.20775003731250763,16957.71328125
274.77079462999995,7781,5,262.03,43907,211,241757386342.4,0.003,876120,-7733695.675,-0.15578043162822724,17190.84814453125
275.57187870999996,7800,5,260.54,44012,212,247529721856.0,0.003,878220,-7919892.325,0.9543927788734436,17969.51337890625
277.66755246,7857,5,262.02,44371,213,235382523494.4,0.003,885400,-8155383.375,-0.3616469919681549,17388.3771484375
275.32519052000004,7893,5,259.35,44593,214,226903051468.8,0.003,889840,-8134542.25,0.27158907800912857,18032.47470703125
274.51620748,7914,5,257.94,44712,215,216274513100.8,0.003,892220,-7857813.55,3.2853981226682665,17933.7119140625
277.90294977,7976,5,259.46,45083,216,230984402534.4,0.003,899640,-7691056.0,-2.7187098070979117,15249.419091796875
274.6022594,7995,5,256.86,45200,217,243954315264.0,0.003,901980,-7643222.7,1.210150358080864,16227.417529296876
278.28582673,8081,5,259.45,45663,218,703877500108.8,0.003,911240,-10443665.6,1.14275963306427,22989.15546875
280.32543837,8115,5,258.59,45889,219,517901806796.8,0.003,915760,-10956739.85,0.8017410174012184,23924.116015625
276.8142604799999,8144,5,258.44,46042,220,422341063475.2,0.003,918820,-11190643.85,1.0971410870552063,23231.80029296875
285.22199577,8327,5,266.9,47042,221,281162493952.0,0.003,938820,-9230046.5,-0.11381160020828247,18358.69775390625
287.44408877999996,8403,5,270.71,47551,222,273297360486.4,0.003,949000,-8662001.925,-0.017536449432373046,18397.04091796875
284.4328478,8432,5,270.44,47719,223,236593648435.2,0.003,952360,-8596052.2,-0.3269904419779778,18882.60224609375
287.80657835,8550,5,275.59,48392,224,232270169702.4,0.003,965820,-7782252.175,-1.287150028347969,16183.701123046874
292.64608258,8626,5,279.45,48821,225,322167557324.8,0.003,974400,-8162752.075,-1.8830577969551086,18880.1578125
291.79886457,8666,5,279.74,49060,226,332970613964.8,0.003,979180,-8636962.625,0.9275230944156647,19762.55419921875
289.40224378000005,8697,5,280.21,49245,227,331764489420.8,0.003,982880,-9024839.375,1.0759009733796119,20936.0376953125
288.74123736999996,8731,5,278.94,49427,228,350307899801.6,0.003,986520,-9124756.3,-0.2528581738471985,21131.6591796875
288.30939308,8783,5,279.74,49750,229,322065552179.2,0.003,992980,-8799310.625,-0.2999482199549675,19624.244921875
294.06673406,8854,5,281.24,50094,230,314642199347.2,0.003,999860,-8896942.4,-0.0672507792711258,18860.47216796875
297.71702842999997,8889,5,281.93,50334,231,305829545574.4,0.003,1004660,-8597055.35,-0.4216704159975052,17631.1279296875
301.19031074,8927,5,282.46,50508,232,324445863936.0,0.003,1008140,-8581610.825,-1.6428783237934113,17009.28232421875
300.41494529999994,8954,5,281.08,50672,233,295795752960.0,0.003,1011420,-8482526.725,-1.0574330687522888,16793.22333984375
300.79068753,8978,5,281.32,50816,234,282866088345.6,0.003,1014300,-8497850.375,0.13059831410646439,17963.76796875
301.20346087999997,9036,5,281.79,51126,235,253044293632.0,0.003,1020500,-8249854.875,0.9842373430728912,17689.07978515625
297.91557933999997,9058,5,280.27,51233,236,254211353804.8,0.003,1022640,-8176659.925,2.1184536635875704,16145.9771484375
298.78999488,9117,5,280.14,51545,237,244547075276.8,0.003,1028880,-7737102.0,0.16676226258277893,15366.138671875
301.74110978,9170,5,281.92,51829,238,215765367193.6,0.003,1034560,-7608773.2,1.0219862788915635,16737.26376953125
300.65144380000004,9192,5,281.16,51951,239,196648431616.0,0.003,1037000,-7568611.325,-1.8210866287350655,15738.076513671875
305.11235688000005,9242,5,282.4,52200,240,187965823795.2,0.003,1041980,-6890407.85,-1.2748036831617355,13601.387060546875
308.27641135,9277,5,282.96,52400,241,175654593331.2,0.003,1045980,-6377815.025,-0.19502061903476714,13900.6140625
316.76574716,9406,5,288.09,53060,242,182135647846.4,0.003,1059180,-5918408.8,-0.35279563814401627,13397.228369140625
315.01041742,9415,5,286.99,53125,243,166986616832.0,0.003,1060480,-5928439.4,-0.6259447693824768,13181.65244140625
320.01782625,9482,5,289.2,53465,244,187681403289.6,0.003,1067280,-5971510.2,-0.7063644021749497,13026.629296875
318.94795483,9539,5,286.45,53810,245,183079543603.2,0.003,1074180,-6740262.8,2.2818532407283785,14637.608544921875
316.37062998,9574,5,286.33,53985,246,203971707699.2,0.003,1077680,-7067808.025,1.2255121797323227,14517.483056640625
322.28641885,9757,5,294.44,54985,247,160615268761.6,0.003,1097680,-6840833.575,0.7981405809521676,13287.5716796875
316.13875696,9783,5,292.77,55119,248,163076217241.6,0.003,1100360,-6789391.15,-0.47912476658821107,13487.849951171875
320.39943176,9951,5,299.83,56119,249,211106948710.4,0.003,1120360,-7202489.15,-1.6040738672018051,14606.532275390626
317.93874357,9967,5,297.9,56211,250,243626913792.0,0.003,1122200,-7121668.675,-1.6970086693763733,15149.26982421875
320.86883671000004,10005,5,298.59,56424,251,234824710553.6,0.003,1126460,-7433126.575,0.14398711174726486,14674.9607421875
323.87817160000003,10028,5,297.71,56552,252,251267714252.8,0.003,1129020,-7430680.1,0.31676600575447084,15242.745458984375
319.77634995,10052,5,293.38,56665,253,249987094118.4,0.003,1131280,-7934024.1,0.32331113815307616,16138.357470703126
320.82675933999997,10085,5,292.98,56849,254,304281149440.0,0.003,1134960,-8829541.0,0.5420456692576409,17166.2421875
320.23694824,10104,5,291.97,56969,255,281438191616.0,0.003,1137360,-9024420.325,0.3393774121999741,17456.2671875
318.99745284,10137,5,291.49,57159,256,297696582041.6,0.003,1141160,-9350120.5,0.9883594065904617,17071.34638671875
321.64363516000003,10217,5,293.55,57599,257,237948604416.0,0.003,1149960,-8766232.4,-0.7169015318155288,13724.9810546875
332.12152521999997,10399,5,300.09,58599,258,197709331660.8,0.003,1169960,-7183718.575,0.4679193675518036,12509.18291015625
332.71590258000003,10416,5,299.98,58702,259,182195263078.4,0.003,1172020,-7180207.525,-0.7348581343889237,12960.93056640625
333.34506533000007,10460,5,299.18,58919,260,192958295244.8,0.003,1176360,-7269802.375,0.4639776736497879,12432.21953125
339.39552357,10551,5,302.26,59402,261,252405926297.6,0.003,1186020,-7807994.125,-0.9917021214962005,14880.0240234375
347.86181711000006,10740,5,310.84,60402,262,258981466112.0,0.003,1206020,-9634008.95,-0.11534219086170197,17411.90400390625
351.23640882,10918,5,317.36,61402,263,243104518963.2,0.003,1226020,-8692119.9,1.1121760576963424,15491.722021484375
351.42420832000005,11042,5,318.14,62107,264,286094033715.2,0.003,1240120,-8316859.4,0.6072108209133148,15482.678369140625
349.87239131,11080,5,315.7,62303,265,315768876236.8,0.003,1244040,-8895283.35,1.0765873551368714,18860.10927734375
357.31375531,11208,5,321.32,62988,266,341706984652.8,0.003,1257740,-10482914.85,-0.2731791615486145,18698.48173828125
358.7398912299999,11268,5,321.5,63315,267,268128432128.0,0.003,1264280,-10479215.35,0.17012531757354737,15886.400048828125
360.16790549999996,11370,5,323.49,63893,268,317434021478.4,0.003,1275840,-9450947.55,-0.05861581265926361,14578.2826171875
360.31294141999985,11426,5,323.99,64186,269,331564394905.6,0.003,1281700,-9692977.9,-0.8439178854227066,15208.881201171875
357.86544339,11441,5,322.88,64263,270,322289328128.0,0.003,1283240,-9700555.8,-0.27822127640247346,15654.88017578125
356.92968665,11466,5,322.38,64388,271,309822951424.0,0.003,1285740,-9573764.1,0.03215492069721222,15908.726123046876
354.3979143600001,11486,5,321.13,64522,272,309554787942.4,0.003,1288420,-9341141.75,2.11922432333231,14954.254345703124
354.67562110000006,11519,5,321.19,64688,273,257603506995.2,0.003,1291740,-9179596.3,1.3382498502731324,14974.70302734375
356.18406929,11549,5,321.39,64840,274,257805809254.4,0.003,1294780,-9137294.3,-0.7899567455053329,13528.076416015625
358.81219125,11581,5,321.94,65009,275,283257263718.4,0.003,1298160,-9155829.15,-0.6363677978515625,14284.299365234376
361.27186043,11618,5,322.77,65184,276,248147849216.0,0.003,1301660,-8995026.1,0.518477986752987,13924.37451171875
360.3099431400001,11649,5,321.52,65344,277,231878855884.8,0.003,1304860,-8994747.2,1.6323932319879533,13583.63212890625
361.7220924800001,11679,5,321.81,65526,278,245856517324.8,0.003,1308500,-8738305.05,-1.9463023573160172,12943.201904296875
367.41599637,11817,5,327.76,66280,279,653480370176.0,0.003,1323580,-10657792.3,-0.8117089763283729,23114.2462890625
377.00441081,11986,5,335.12,67249,280,531257561907.2,0.003,1342960,-13123090.45,-0.25916283428668974,19943.8857421875
377.33964972000007,12015,5,335.32,67420,281,409356335513.6,0.003,1346380,-12266736.2,-0.09697655886411667,17983.51044921875
378.76832421,12048,5,335.51,67614,282,324620038144.0,0.003,1350260,-11380575.7,0.029119253158569336,15352.911865234375
377.76377316,12069,5,335.14,67737,283,350125395968.0,0.003,1352720,-10861676.4,-2.067614036798477,14757.165185546875
378.88839699000005,12105,5,336.27,67941,284,300783552102.4,0.003,1356800,-10262418.25,-0.2921353965997696,15571.69833984375
376.75772159,12125,5,335.28,68045,285,300223094784.0,0.003,1358880,-10098062.4,0.4946595162153244,15835.299462890625
374.8077460500001,12145,5,334.59,68168,286,283568842342.4,0.003,1361340,-10073234.3,0.14225322157144546,15743.716015625
376.67476375000007,12250,5,337.34,68729,287,276148709785.6,0.003,1372560,-10068001.0,-0.4615426868200302,14518.484765625
379.23437349999995,12283,5,337.44,68903,288,258656154419.2,0.003,1376040,-9379092.45,0.5874302417039872,13916.237353515626
378.43013144,12310,5,337.25,69067,289,231321006899.2,0.003,1379320,-8885283.35,0.8321533024311065,13359.730322265625
382.71566966000006,12355,5,337.42,69324,290,231294575411.2,0.003,1384460,-8283996.4,-1.249848222732544,13019.52490234375
385.4174987100001,12405,5,338.85,69601,291,246869694054.4,0.003,1390000,-7943708.275,-1.502954250574112,13164.537548828124
377.09770766,12433,5,330.47,69763,292,234939042201.6,0.003,1393240,-7851730.75,1.3869290322065353,13497.50849609375
371.30723936000004,12509,5,327.49,70165,293,199359304499.2,0.003,1401280,-7552450.725,0.9287858039140702,13587.98779296875
372.88428481999995,12561,5,326.23,70478,294,220782024294.4,0.003,1407540,-7303233.35,0.40819686055183413,13710.85390625
373.95541620999995,12660,5,321.82,71037,295,212506811596.8,0.003,1418720,-7350014.675,0.17812875509262086,14377.9958984375
377.9461950699999,12715,5,323.85,71358,296,205410464563.2,0.003,1425140,-7369145.6,-0.15054559707641602,13828.852783203125
379.0739970799999,12744,5,324.41,71542,297,198814343168.0,0.003,1428820,-7452019.85,1.4734444320201874,14588.25673828125
375.16526318999996,12789,5,320.1,71765,298,223878951731.2,0.003,1433280,-7307262.85,0.6433788418769837,14243.253759765625
381.93270573,12896,5,324.2,72414,299,214234225868.8,0.003,1446260,-7697215.35,1.242623184621334,15842.20966796875
385.64532475,13074,5,331.4,73414,300,437516294553.6,0.003,1466260,-9792221.55,0.3309869900345802,17327.87236328125
383.48333092,13114,5,331.35,73649,301,1147390007705.6,0.003,1470960,-16903545.85,0.17630351483821868,37634.1751953125
381.0749839299999,13129,5,329.88,73719,302,1402569575628.8,0.003,1472360,-19632810.4,-0.9564077675342559,39829.8796875
379.4290242300001,13143,5,328.99,73782,303,1369572723916.8,0.003,1473620,-20865120.8,0.4962251603603363,41050.02421875
374.55985673000004,13154,5,325.95,73848,304,1446451347456.0,0.003,1474940,-22077402.5,-0.042247599363327025,39299.380078125
388.45130292999994,13314,5,333.25,74718,305,688161777254.4,0.003,1492340,-16815097.3,-1.9547612547874451,21984.31591796875
386.79659208,13429,5,333.66,75367,306,538452744601.6,0.003,1505320,-15204973.7,-1.927022072672844,18990.71181640625
392.8604186099999,13507,5,335.36,75872,307,404830806016.0,0.003,1515420,-11334842.7,0.4345844805240631,15483.119677734376
388.46672111999993,13572,5,334.93,76204,308,301493982003.2,0.003,1522060,-10116322.5,0.03244792222976685,15008.902734375
395.6105087799999,13700,5,340.42,76901,309,271252094976.0,0.003,1536000,-8668017.4,0.3491818442940712,14664.2423828125
395.60247982999994,13739,5,340.04,77133,310,243844805427.2,0.003,1540640,-8359487.4,0.9566444367170334,13754.2111328125
389.94834849,13814,5,336.2,77527,311,234217656320.0,0.003,1548520,-8003322.325,0.4487425148487091,13691.812353515625
392.18844594,13853,5,337.48,77760,312,215268657561.6,0.003,1553180,-7722724.775,1.2997115135192872,12959.372900390625
390.23510411,13881,5,335.71,77942,313,217574816153.6,0.003,1556820,-7468941.225,0.9600062638521194,13311.677392578125
391.21312208,13922,5,336.3,78223,314,205382322585.6,0.003,1562440,-7072268.475,-1.0110073208808898,12763.97880859375
393.17613847000007,14002,5,339.4,78652,315,224739603251.2,0.003,1571020,-7056571.025,0.5857464104890824,15397.060986328124
390.6340588400001,14043,5,338.22,78905,316,204074292838.4,0.003,1576080,-7138922.55,-0.037860172986984256,13731.761328125
392.2323708400001,14087,5,339.28,79128,317,185440194560.0,0.003,1580540,-7017127.75,1.7764513194561005,13461.247998046874
394.83353711,14222,5,341.8,79843,318,180813077299.2,0.003,1594840,-6026391.65,-0.9656963407993316,11587.2568359375
391.21015102999996,14251,5,341.02,79991,319,174709527347.2,0.003,1597800,-6196200.375,-1.776587751507759,12084.587890625
394.41604056000006,14284,5,341.14,80156,320,165463962419.2,0.003,1601100,-5917994.275,0.14180468320846557,11111.15068359375
386.46555366000007,14314,5,332.73,80315,321,167724747980.8,0.003,1604280,-5846797.05,0.17848459482192994,11640.16494140625
384.5242919,14332,5,328.69,80420,322,161141546598.4,0.003,1606380,-5885478.875,-0.13115747272968292,11401.919677734375
386.05302488,14362,5,329.18,80637,323,159516153446.4,0.003,1610720,-5721800.025,0.06333018392324448,11171.0291015625
384.48887688,14396,5,324.4,80832,324,162827632640.0,0.003,1614620,-5825624.625,-0.3463810831308365,11239.739501953125
383.90875829000004,14440,5,323.18,81139,325,175773076684.8,0.003,1620760,-5857347.125,-0.09279281497001649,11792.53076171875
389.69091412999995,14512,5,326.03,81663,326,179973841715.2,0.003,1631240,-6075089.45,0.9689393520355225,12384.673828125
394.7023922700001,14568,5,327.26,81971,327,168605322854.4,0.003,1637400,-6068018.65,0.3881436675786972,11732.565625
393.55779426000004,14606,5,327.92,82219,328,173755859763.2,0.003,1642360,-5943741.7,-0.3338313788175583,12089.7814453125
391.86588673000006,14639,5,326.53,82403,329,168952406016.0,0.003,1646040,-5853029.575,0.2782639354467392,12099.6458984375
389.67985725,14671,5,324.98,82592,330,171426760294.4,0.003,1649820,-5795724.95,1.021167916059494,12046.41904296875
389.21456441000004,14705,5,324.63,82797,331,162032845209.6,0.003,1653920,-5950965.1,0.7682689666748047,11759.9751953125
396.58768516000004,14814,5,329.5,83458,332,186381891174.4,0.003,1667140,-6841221.75,-0.22496097087860106,12711.247802734375
402.79142685,14918,5,333.33,84005,333,164414291148.8,0.003,1678080,-6603865.625,1.2796632766723632,12040.180712890626
406.41043777,14985,5,335.95,84411,334,171207186432.0,0.003,1686200,-6073745.15,-0.548375254869461,11596.86865234375
406.81778841,15042,5,335.74,84700,335,178176783155.2,0.003,1691980,-5964118.5,-0.23929768949747085,11416.735595703125
406.0247367400001,15065,5,336.07,84840,336,182147778969.6,0.003,1694780,-6057529.925,-0.8283736824989318,11697.65400390625
403.69119431,15097,5,334.87,85032,337,339380128972.8,0.003,1698620,-7962745.65,0.9144315123558044,20372.05458984375
404.66938866,15143,5,334.71,85300,338,632303113011.2,0.003,1703980,-11428774.0,0.12224356532096863,19372.34677734375
407.81139278999996,15193,5,336.22,85573,339,602948657152.0,0.003,1709440,-13659071.95,-1.027171340584755,21933.63603515625
407.74250924999996,15251,5,337.18,85918,340,596780418662.4,0.003,1716340,-14421634.95,0.6148035675287247,20804.08857421875
407.11464378999995,15289,5,337.16,86116,341,466307769958.4,0.003,1720300,-13670298.0,-0.11818138659000396,17788.183203125
400.77435912,15315,5,332.4,86300,342,434970125926.4,0.003,1723980,-12604712.45,-0.46980780065059663,16574.67255859375
403.6869363000002,15357,5,334.36,86561,343,327303601356.8,0.003,1729200,-10995788.6,1.039613938331604,13989.394677734375
404.80977220000005,15440,5,335.17,86982,344,255022619852.8,0.003,1737620,-8602698.525,0.789709958434105,12163.957666015625
404.62130691000016,15490,5,334.42,87252,345,202491146240.0,0.003,1743020,-7549327.325,-0.44111223965883256,10964.25908203125
408.05682351000013,15540,5,335.72,87557,346,205989853593.6,0.003,1749120,-6888503.325,0.3907122552394867,11496.355810546875
399.91471215000007,15568,5,327.15,87700,347,186741555200.0,0.003,1751980,-6924116.675,1.5257628589868546,12411.065234375
400.52042133000003,15581,5,326.76,87795,348,201230481817.6,0.003,1753880,-7146401.525,-1.0359799936413765,12999.4814453125
396.86176427000004,15619,5,319.19,88038,349,232877696614.4,0.003,1758740,-7641359.65,3.044779825210571,13761.92919921875
400.7074028900001,15658,5,320.8,88291,350,233285562368.0,0.003,1763800,-8064331.525,0.9754086077213288,13315.50068359375
404.05321076,15719,5,322.2,88644,351,213994240409.6,0.003,1770860,-7779689.7,2.6641290456056597,13172.937744140625
413.6294251000001,15879,5,330.25,89577,352,174117095833.6,0.003,1789520,-7235635.275,0.2168642058968544,12518.489013671875
411.7690159,15883,5,329.32,89597,353,193981518643.2,0.003,1789920,-7225952.6,0.8912626892328263,12775.72001953125
407.48657754,15886,5,327.7,89619,354,197281786265.6,0.003,1790360,-7155599.95,2.097162312269211,12794.544775390625
406.00801948000003,15890,5,326.72,89641,355,184035290316.8,0.003,1790800,-7139077.9,-1.00950268805027,12216.9951171875
402.92720600999996,15894,5,325.01,89660,356,185229156352.0,0.003,1791180,-7188152.25,0.8521387860178947,12820.542822265625
398.54125853,15916,5,321.98,89797,357,178817283686.4,0.003,1793920,-7019055.7,0.5330637365579605,12451.437353515625
389.03826693999997,15951,5,313.73,89972,358,193480076492.8,0.003,1797420,-6984693.125,0.36846789717674255,12260.397998046876
389.9368152099999,15975,5,313.83,90085,359,168980050329.6,0.003,1799680,-6825596.125,1.140526533126831,12454.492431640625
388.44301081000003,15999,5,312.78,90197,360,169526709452.8,0.003,1801920,-6726652.05,1.306980347633362,11686.19814453125
385.8231812800001,16041,5,310.26,90428,361,179031196467.2,0.003,1806540,-6662675.0,1.388365764915943,11980.3552734375
379.6394092000001,16071,5,301.92,90594,362,169122053734.4,0.003,1809860,-6607711.05,-1.6537506818771361,11242.02392578125
374.7748486600001,16106,5,293.68,90770,363,181722370867.2,0.003,1813380,-6379242.5,-0.2092732608318329,11095.64541015625
377.48713886999997,16201,5,291.44,91251,364,177765731532.8,0.003,1823000,-6279464.35,2.198541206121445,11137.023779296875
380.89353494000005,16253,5,292.67,91570,365,180677330534.4,0.003,1829380,-6202914.925,-0.3061796993017197,10974.249462890624
375.24188325999995,16281,5,287.36,91724,366,173086368153.6,0.003,1832460,-6215417.25,0.4010749667882919,10959.5130859375
380.70856632999994,16373,5,288.97,92212,367,140664945459.2,0.003,1842220,-5736365.75,-0.389662966132164,9986.527099609375
380.66467816999995,16416,5,285.59,92452,368,143669549465.6,0.003,1847020,-5464822.325,-0.3345542877912521,9455.905078125
379.00428744,16437,5,284.09,92595,369,140716324864.0,0.003,1849880,-5399038.55,2.686641702055931,9799.041357421875
386.7585629,16556,5,289.63,93226,370,146240943718.4,0.003,1862500,-5137565.0,0.02054014503955841,10310.689892578124
387.92817486000007,16597,5,290.67,93455,371,147786822451.2,0.003,1867080,-5176611.3,-1.1475326985120773,10815.155078125
386.9186299700001,16615,5,290.35,93557,372,146645415116.8,0.003,1869120,-5095109.425,0.507056376338005,10420.5607421875
385.9854561300001,16654,5,290.65,93753,373,156721873715.2,0.003,1873040,-5166338.85,1.1215288549661637,10771.83076171875
386.47193354,16684,5,291.1,93950,374,159728234496.0,0.003,1876980,-5399526.775,-1.992599081993103,10895.662109375
383.94055215000003,16755,5,294.49,94458,375,153672662630.4,0.003,1887140,-5731305.025,-0.8339781910181046,11693.681396484375
393.12521075000006,16899,5,301.45,95329,376,134195731251.2,0.003,1904560,-5714964.8,-0.19693835377693175,10420.198291015626
394.35021659,16947,5,302.87,95631,377,151656747008.0,0.003,1910600,-5550722.125,-3.1094862669706345,10265.5482421875
396.97344899,17020,5,305.58,96084,378,127513270681.6,0.003,1919660,-5301991.325,1.7501845836639405,10529.12373046875
398.75627083,17131,5,304.09,96689,379,130156237209.6,0.003,1931760,-4832498.175,1.1328652679920197,9556.016552734374
390.03203897,17173,5,297.06,96955,380,119699950387.2,0.003,1937080,-4683262.2,-2.1083940505981444,9007.30009765625
390.29384409,17213,5,298.04,97224,381,110897417830.4,0.003,1942460,-4639796.25,-0.9594044595956802,9805.7798828125
388.09346923,17230,5,297.3,97344,382,108274548736.0,0.003,1944860,-4589088.25,-0.055728954076766965,9440.51455078125
387.07141903,17255,5,297.41,97478,383,107870762188.8,0.003,1947540,-4514077.725,-0.46697244644165037,9183.566748046875
385.63973549,17280,5,296.69,97610,384,115408727244.8,0.003,1950180,-4451434.325,-0.8842786222696304,9485.984423828126
400.36285558000003,17450,5,305.32,98577,385,113490515968.0,0.003,1969520,-4493834.725,0.20350828170776367,9113.81513671875
405.38151054,17537,5,308.68,99036,386,98783227904.0,0.003,1978700,-4027532.3375,0.011247512698173524,8157.518725585937
403.54370600000004,17588,5,306.05,99334,387,90207632179.2,0.003,1984660,-3703627.325,0.9959608785808086,8049.123095703125
408.32365066000006,17692,5,309.66,99869,388,77069259571.2,0.003,1995360,-3235699.8625,-0.7171129763126374,6952.723657226563
406.55566497,17716,5,309.34,100001,389,74249289728.0,0.003,1998000,-3142579.375,1.4447820216417313,7130.529638671875
403.60260277000003,17745,5,308.04,100128,390,85315329228.8,0.003,2000540,-3112023.875,-0.5511680006980896,7235.2459716796875
404.16979032,17799,5,307.75,100376,391,81337360588.8,0.003,2005500,-3078534.1,-0.28698023557662966,7271.418041992188
407.1859936100001,17848,5,309.01,100664,392,79876637081.6,0.003,2011260,-3185244.2625,-1.008894157409668,7493.164794921875
410.3156703800001,17887,5,306.91,100856,393,76052923392.0,0.003,2015100,-3132231.9125,1.6750215679407119,7233.0427734375
416.0739790900001,18064,5,313.78,101856,394,85632245760.0,0.003,2035100,-3075403.7625,1.64751837849617,7785.70380859375
412.99444531000006,18126,5,311.58,102195,395,82392245248.0,0.003,2041880,-3165441.1125,1.1555768340826034,7961.968481445312
412.79020588,18184,5,311.69,102527,396,83026541568.0,0.003,2048520,-3207359.6,0.6338222332298755,7924.057641601563
413.79697475000006,18217,5,312.02,102744,397,92764756787.2,0.003,2052860,-3267657.2625,-0.5738691747188568,8089.951513671875
413.16095186000007,18264,5,312.41,103006,398,93213196697.6,0.003,2058100,-3468445.9125,-0.5387814372777939,8482.4859375
407.0810038800001,18301,5,308.4,103254,399,89056587776.0,0.003,2063060,-3531202.35,1.738607943058014,8339.701513671875
402.18209370999995,18342,5,300.87,103501,400,85494465945.6,0.003,2068000,-3496769.6,0.8738240391016007,8253.741748046876
405.98983803999994,18421,5,302.92,103941,401,85613685760.0,0.003,2076800,-3425769.9625,1.3600331872701645,8088.107373046875
408.08665718,18450,5,304.33,104152,402,85466868940.8,0.003,2081020,-3509162.6875,1.2148594915866853,8265.625732421875
413.0773063,18506,5,307.44,104526,403,90242069504.0,0.003,2088500,-3757440.3625,-0.39708152115345,8454.625
413.10448684000005,18528,5,308.08,104656,404,97595415756.8,0.003,2091100,-3922422.5375,0.6008043885231018,9022.458203125
404.15979259999995,18597,5,303.13,105031,405,92245234483.2,0.003,2098600,-4337512.0125,0.26744516789913175,8229.812109375
402.32071450999996,18620,5,298.0,105167,406,102827461017.6,0.003,2101320,-4323667.2,0.6355842620134353,7818.780297851563
400.1699143,18691,5,296.62,105534,407,78452278272.0,0.003,2108660,-4155525.925,2.101580488681793,7278.892114257813
401.5480543,18715,5,294.67,105671,408,79800602419.2,0.003,2111400,-4030518.1,-2.4504620760679243,7127.504931640625
393.11207536,18731,5,288.75,105776,409,77955375513.6,0.003,2113500,-4002753.0625,2.0701544255018236,7006.3724365234375
392.38397798000005,18771,5,289.3,106063,410,77544720384.0,0.003,2119240,-3900824.0125,-0.3357524573802948,6886.876635742187
393.48434591000006,18817,5,288.04,106331,411,72527823462.4,0.003,2124600,-3723106.85,-0.9099599152803421,6356.650732421875
395.62482591,18894,5,290.39,106799,412,98388548812.8,0.003,2133960,-3712157.0,-0.9702103435993195,7013.759033203125
395.5387585599999,18925,5,290.32,106974,413,103973479628.8,0.003,2137460,-3783593.2875,-0.25833333730697633,7556.8716796875
401.1543293499999,19073,5,295.71,107794,414,76894072217.6,0.003,2153860,-3515313.9875,0.7269681990146637,6430.0017578125
398.68838008,19089,5,292.42,107894,415,69819868364.8,0.003,2155860,-3439645.275,-0.3245199218392372,6229.7767333984375
397.26716941,19112,5,291.06,108011,416,65457205657.6,0.003,2158200,-3295960.0,-0.22728331685066222,5888.071850585938
397.82303778999994,19158,5,291.88,108316,417,60515802316.8,0.003,2164300,-3043226.35,-2.0736998558044433,6366.362719726562
389.46868845999995,19238,5,288.93,108736,418,60071122534.4,0.003,2172700,-2820326.9875,-0.2015509694814682,5462.965600585938
395.66579894999995,19317,5,291.86,109177,419,82141996236.8,0.003,2181520,-3285554.1375,-0.24832839667797088,7433.551684570312
395.36678996999996,19373,5,293.36,109492,420,135373232128.0,0.003,2187820,-4455340.0875,1.3993856966495515,10155.9564453125
401.48815548000005,19526,5,299.88,110303,421,343117975552.0,0.003,2204040,-7540258.475,0.5973146736621857,17761.1095703125
401.9871595700001,19548,5,299.86,110406,422,345374494720.0,0.003,2206100,-8842563.075,-1.4154121428728104,17960.62255859375
400.5873720600001,19577,5,299.37,110574,423,344184055398.4,0.003,2209460,-9458070.05,0.7897829473018646,16627.16923828125
407.25051438,19747,5,307.42,111574,424,149529138790.4,0.003,2229460,-6361270.85,-0.18429551422595977,8846.75712890625
411.13508589,19892,5,311.41,112280,425,67192758272.0,0.003,2243580,-3922677.425,-0.6153635263442994,6530.888159179687
405.64796555,19929,5,308.02,112465,426,61375563366.4,0.003,2247280,-3504977.275,1.4301423519849776,6199.3396484375
404.38589549999995,19990,5,308.58,112829,427,61476939161.6,0.003,2254560,-3149630.55,0.39807370603084563,6118.563427734375
403.69239228999993,20013,5,307.62,112981,428,60685967974.4,0.003,2257600,-3005261.3,-0.2885456085205078,5896.989575195313
404.4999667,20043,5,307.51,113154,429,65987425075.2,0.003,2261060,-2863392.9625,-0.5667740732431412,5895.829418945313
409.5459393299999,20224,5,315.62,114154,430,84789769011.2,0.003,2281060,-3516247.1875,1.3588613599538804,7029.4598388671875
411.2158427399999,20266,5,316.13,114410,431,82416383795.2,0.003,2286180,-3477464.45,0.10048945248126984,6457.261499023438
409.73064810999995,20382,5,315.65,115023,432,72490201907.2,0.003,2298440,-3379429.775,0.0999500423669815,6314.194482421875
404.627422,20433,5,312.87,115292,433,73488455680.0,0.003,2303820,-3387236.025,-0.28253330290317535,6509.576318359375
402.24165804000006,20470,5,311.14,115525,434,71135840870.4,0.003,2308480,-3416509.3875,2.431164649128914,6426.391552734375
399.39920425,20488,5,309.4,115640,435,65054316134.4,0.003,2310780,-3392162.8375,1.0189402669668197,6223.43759765625
400.15327464,20505,5,308.92,115732,436,65021001113.6,0.003,2312620,-3390033.875,0.6250639647245407,6192.549072265625
399.63343505000006,20526,5,308.28,115860,437,57552420044.8,0.003,2315180,-3309405.0375,-0.009686493873596191,6382.98720703125
399.13763056999994,20582,5,308.39,116139,438,56026275430.4,0.003,2320760,-3107872.5375,-1.01011081635952,5648.207690429687
401.18026357,20656,5,309.75,116548,439,42597292851.2,0.003,2328940,-2789358.8375,-0.6268273815512657,4752.824047851563
401.9035669,20710,5,309.16,116834,440,45864189235.2,0.003,2334660,-2587436.2375,1.936962166428566,4811.69755859375
