rollout/ep_len_mean,time/fps,time/time_elapsed,time/total_timesteps,time/episodes,rollout/ep_rew_mean,train/n_updates,train/learning_rate,train/critic_loss,train/ent_coef,train/actor_loss,train/ent_coef_loss
13.0,59,0,13,1,10.114756,,,,,,
28.0,212,0,56,2,27.287263,,,,,,
25.666666666666668,269,0,77,3,20.276118,,,,,,
22.75,304,0,91,4,18.12616975,,,,,,
21.0,33,3,105,5,16.7962754,80,0.003,0.1357670970261097,0.8103288590908051,-4.887678599357605,-0.6359153032302857
19.166666666666668,21,5,115,6,15.254112166666665,280,0.003,0.06293094493448734,0.449401481449604,-4.942961502075195,-2.238454449176788
19.142857142857142,13,9,134,7,14.703323857142857,660,0.003,0.02924574017524719,0.18091775178909303,-6.419260191917419,-2.324137049913406
27.5,7,27,220,8,27.046213875,2380,0.003,0.043817303888499734,0.11765560507774353,-17.281876659393312,0.024371344596147537
31.22222222222222,7,39,281,9,36.878488999999995,3600,0.003,0.549796886742115,0.41882678121328354,-25.72123146057129,0.016755701415240763
34.9,6,55,349,10,46.88611469999999,4960,0.003,0.54240100979805,0.39555823504924775,-36.0785737991333,0.10715650320053101
43.81818181818182,5,84,482,11,65.12451081818182,7620,0.003,1.6324011981487274,0.5667880237102508,-52.42855644226074,0.03621140131726861
41.75,5,89,501,12,61.396516083333324,8000,0.003,1.692149966955185,0.6016025722026825,-55.007910346984865,-0.06911556543782353
47.0,5,113,611,13,68.88607923076923,10200,0.003,2.6232170462608337,0.5774269044399262,-69.37196502685546,-0.053746063355356456
48.857142857142854,5,129,684,14,74.5252407142857,11660,0.003,5.562275087833404,0.7699086278676986,-76.62459144592285,-0.001509168604388833
50.733333333333334,5,147,761,15,80.19041253333332,13200,0.003,3.9075971961021425,0.7724578469991684,-86.49170532226563,-0.025322498567402364
54.0,5,171,864,16,88.6585685,15260,0.003,3.7183570146560667,0.8269039928913117,-92.49142150878906,-0.004533506347797811
58.64705882352941,4,201,997,17,97.777935,17920,0.003,2.8885795712471007,0.6927967131137848,-96.80957298278808,-0.010017924173735083
64.05555555555556,4,236,1153,18,107.45684827777778,21040,0.003,2.572539806365967,0.5824554651975632,-98.63725357055664,-0.03681424362584949
66.3157894736842,4,261,1260,19,113.68791621052632,23180,0.003,2.4306527018547057,0.5067703872919083,-97.8011360168457,0.06782995443791151
63.65,4,264,1273,20,108.03375905,23440,0.003,4.585023963451386,0.7330117911100388,-103.13839073181153,0.01324879894964397
61.523809523809526,4,268,1292,21,102.85394980952381,23820,0.003,8.738778519630433,1.160441529750824,-111.32104110717773,-0.003624456434044987
59.18181818181818,4,270,1302,22,98.21052931818181,24020,0.003,10.693949556350708,1.1812033653259277,-117.30331192016601,-0.0008646793430671096
57.47826086956522,4,274,1322,23,93.95460382608695,24420,0.003,15.881871128082276,1.2631665825843812,-128.18526954650878,-0.0029694407247006895
55.916666666666664,4,278,1342,24,90.06021700000001,24820,0.003,12.699632787704468,1.1889092683792115,-134.81805038452148,0.004793143924325704
54.4,4,281,1360,25,86.73858908,25180,0.003,9.581378698348999,0.963233208656311,-137.72816696166993,-0.003474223965895362
53.26923076923077,4,287,1385,26,83.89040838461538,25680,0.003,7.804274797439575,0.8858930617570877,-138.4524803161621,0.008825853664893657
55.074074074074076,4,308,1487,27,83.75176322222222,27720,0.003,6.031910872459411,1.0059600949287415,-154.64107360839844,0.0009371189346666142
60.285714285714285,4,354,1688,28,89.19877707142857,31740,0.003,18.916192150115968,1.4814404606819154,-205.67671585083008,-0.015393347572535276
62.93103448275862,4,386,1825,29,95.04388044827586,34480,0.003,43.92307357788086,1.587933248281479,-222.24185028076172,-0.04280474632978439
76.43333333333334,4,489,2293,30,108.68267323333333,43840,0.003,21.148020887374877,1.2537725031375886,-250.75784759521486,0.0016137248370796443
83.48387096774194,4,555,2588,31,114.47706125806451,49740,0.003,16.08164510726929,0.981395223736763,-232.89356536865233,0.0010200254037044942
92.96875,4,638,2975,32,124.6656564375,57480,0.003,27.756683158874512,1.1403374373912811,-246.35321807861328,0.007421196880750358
96.63636363636364,4,684,3189,33,127.60432712121212,61760,0.003,132.50342140197753,2.041812562942505,-359.05071716308595,0.03547796262428164
96.52941176470588,4,703,3282,34,130.01703361764706,63620,0.003,310.550040435791,2.7089017987251283,-475.73341217041013,-0.09912038128823042
95.62857142857143,4,717,3347,35,129.8950758,64920,0.003,478.8744613647461,3.577131247520447,-582.4042114257812,-0.03781593879684806
95.30555555555556,4,736,3431,36,131.38643647222224,66600,0.003,1022.4750274658203,4.517234206199646,-688.4253723144532,-0.03440950363874436
95.24324324324324,4,757,3524,37,133.5304784054054,68460,0.003,1205.0807037353516,5.3284742593765255,-821.6837951660157,0.027103194408118723
95.36842105263158,4,777,3624,38,135.88368855263158,70460,0.003,1281.0333923339845,7.477184462547302,-993.7294158935547,-0.04114732444286347
95.41025641025641,4,799,3721,39,138.08960512820514,72400,0.003,1920.5564453125,8.711118936538696,-1164.4013549804688,0.022724628448486328
95.325,4,819,3813,40,139.883301975,74240,0.003,1538.518359375,9.802426195144653,-1324.1777465820312,0.23583599738776684
96.4390243902439,4,849,3954,41,144.45094707317074,77060,0.003,1002.110595703125,9.881269359588623,-1480.7289184570313,0.2265040861442685
96.19047619047619,4,865,4040,42,145.47658621428573,78780,0.003,950.8089630126954,8.98808741569519,-1545.1590942382813,0.012948999088257552
97.4186046511628,4,898,4189,43,148.3760211627907,81760,0.003,1301.8650451660155,9.52913303375244,-1728.366192626953,0.08876144029200077
97.5909090909091,4,920,4294,44,150.19652727272728,83860,0.003,1114.585516357422,6.58374171257019,-1705.7606262207032,-0.1299070358276367
97.62222222222222,4,942,4393,45,150.69640084444447,85840,0.003,1251.0105407714843,7.377633166313172,-1644.1227905273438,-0.39758153483271597
98.80434782608695,4,975,4545,46,153.6996631956522,88880,0.003,4421.46875,9.728211212158204,-1736.986346435547,-0.34902466237545016
98.72340425531915,4,996,4640,47,154.96096078723406,90780,0.003,6657.0242919921875,13.824212169647216,-1976.13896484375,0.09325184449553489
97.91666666666667,4,1010,4700,48,153.84721827083334,91980,0.003,7851.571948242187,18.60301923751831,-2397.444128417969,-0.2800089493393898
96.3061224489796,4,1014,4719,49,151.0268616734694,92360,0.003,9457.167651367188,19.667099952697754,-2516.5096923828123,-0.032691840827465055
94.72,4,1018,4736,50,148.27332366000002,92700,0.003,15032.554931640625,20.32148494720459,-2616.655480957031,-0.5047453083097935
93.15686274509804,4,1021,4751,51,145.59355841176472,93000,0.003,12970.629638671875,22.357887554168702,-2722.372412109375,0.08122932761907578
91.63461538461539,4,1024,4765,52,142.96997234615384,93280,0.003,14836.358056640625,23.31303005218506,-2864.3215087890626,0.07116685248911381
90.24528301886792,4,1028,4783,53,140.5784373018868,93640,0.003,12706.543017578126,24.846965503692626,-2985.4330444335938,0.04904517978429794
88.96296296296296,4,1032,4804,54,138.36375955555556,94060,0.003,15075.87724609375,25.925745296478272,-3146.9108276367188,0.15123009458184242
87.9090909090909,4,1039,4835,55,136.49850412727272,94680,0.003,15725.446044921875,26.805695152282716,-3420.911486816406,0.12091024145483971
87.03571428571429,4,1048,4874,56,135.01441676785714,95460,0.003,22316.054052734376,29.137262725830077,-3786.8091064453124,0.21476923301815987
88.70175438596492,4,1087,5056,57,138.13383868421053,99100,0.003,54501.026953125,45.746282958984374,-6212.1986328125,-0.6493532799184323
89.36206896551724,4,1113,5183,58,140.0404939137931,101640,0.003,88439.619140625,49.84389305114746,-7614.093798828125,-0.6125128328800201
89.79661016949153,4,1137,5298,59,141.5911031186441,103940,0.003,98883.04453125,59.04864845275879,-8676.0236328125,0.317214660346508
90.41666666666667,4,1164,5425,60,144.14805006666668,106480,0.003,128923.393359375,73.97759857177735,-10919.92216796875,-0.3884658046066761
91.04918032786885,4,1194,5554,61,146.7639202622951,109060,0.003,161986.06953125,92.68429641723633,-13351.81328125,0.3559847578406334
91.2258064516129,4,1218,5656,62,148.10915666129034,111100,0.003,258656.38671875,102.79269256591797,-15169.354638671875,-0.6519775204360485
91.34920634920636,4,1239,5755,63,149.29560436507938,113080,0.003,268801.9796875,111.89310874938965,-16702.3318359375,0.745254385471344
91.328125,4,1258,5845,64,150.170802421875,114880,0.003,268105.9046875,120.3827350616455,-17839.97529296875,0.07492663115262985
91.49230769230769,4,1283,5947,65,151.3007484,116920,0.003,290051.68828125,128.5442756652832,-19192.92158203125,0.11984758824110031
92.01515151515152,4,1309,6073,66,152.99403813636363,119440,0.003,315959.7796875,130.3743667602539,-20405.5845703125,0.19575287848711015
92.05970149253731,4,1330,6168,67,153.88669607462688,121340,0.003,317379.1171875,127.86070365905762,-20472.1037109375,-0.0462367981672287
92.79411764705883,4,1361,6310,68,156.47110555882352,124180,0.003,299033.24296875,120.69045524597168,-19712.92109375,0.2722123295068741
94.40579710144928,4,1407,6514,69,159.86464233333334,128260,0.003,249573.5828125,114.66550941467285,-19697.80234375,-0.3679506920278072
95.24285714285715,4,1442,6667,70,161.46777082857142,131320,0.003,225307.1125,107.8440097808838,-18459.78916015625,-0.5820959486067295
96.71830985915493,4,1484,6867,71,163.82776416901407,135320,0.003,203967.26328125,103.17581825256347,-17051.2525390625,0.16591002494096757
98.40277777777777,4,1532,7085,72,166.22022606944444,139680,0.003,161560.353125,91.43075408935547,-15429.054150390624,-0.5797023631632328
99.47945205479452,4,1572,7262,73,167.80834853424656,143220,0.003,146820.735546875,84.96131324768066,-13876.984130859375,0.02882160060107708
99.10810810810811,4,1588,7334,74,166.9986821216216,144660,0.003,138955.367578125,81.54385261535644,-13455.581103515626,-0.12045655250549317
99.08,4,1609,7431,75,166.86175083999998,146600,0.003,158798.805078125,75.94948692321778,-12561.748388671875,0.5818197801709175
98.88157894736842,4,1627,7515,76,166.79658014473685,148280,0.003,155160.063671875,66.0136589050293,-12057.4455078125,-0.4881898246705532
99.40259740259741,4,1658,7654,77,166.11441542857145,151060,0.003,195451.758984375,69.0207389831543,-11881.3140625,-0.21112431287765504
98.84615384615384,4,1670,7710,78,165.17785082051282,152180,0.003,243202.43828125,73.56531982421875,-12254.40830078125,0.1664667734876275
101.78481012658227,4,1743,8041,79,168.57326802531648,158800,0.003,214403.38515625,80.60346832275391,-13886.82802734375,0.12403904385864735
102.075,4,1770,8166,80,169.40140345,161300,0.003,222211.87109375,77.13988990783692,-14211.967041015625,0.02769370973110199
102.45679012345678,4,1800,8299,81,170.36983955555556,163960,0.003,287203.2484375,93.00365867614747,-14962.680615234374,0.26738252900540826
102.91463414634147,4,1829,8439,82,171.47451573170733,166760,0.003,282805.30625,109.55334129333497,-16146.72109375,-0.807728098332882
103.86746987951807,4,1870,8621,83,173.8973215060241,170400,0.003,273127.471875,96.48301811218262,-17695.987109375,-0.05555844157934189
104.80952380952381,4,1910,8804,84,176.20217742857145,174060,0.003,344969.921875,98.39448623657226,-18156.294140625,0.3509416993707418
105.54117647058824,4,1947,8971,85,177.9315639529412,177400,0.003,401608.6640625,98.73956642150878,-17894.31640625,0.2708828687667847
106.30232558139535,4,1985,9142,86,179.4163038023256,180820,0.003,300735.02109375,103.25991897583008,-18619.428515625,-0.02888283394277096
106.40229885057471,4,2009,9257,87,179.9053634137931,183120,0.003,262016.92421875,98.0674430847168,-18693.15419921875,0.14182763434946538
106.57954545454545,4,2036,9379,88,181.19484596590908,185560,0.003,242733.09765625,90.72519493103027,-17640.04521484375,-0.3636522933840752
106.42696629213484,4,2057,9472,89,181.05137138202244,187420,0.003,272213.8828125,101.9565601348877,-17476.724609375,-0.020793317258358
107.36666666666666,4,2099,9663,90,182.6060407222222,191240,0.003,208242.109375,79.87253761291504,-15887.4203125,0.01670005954802036
107.91208791208791,4,2132,9820,91,184.04411581318678,194380,0.003,163842.693359375,74.84748764038086,-14345.2810546875,0.6239644899964333
108.29347826086956,4,2161,9963,92,184.76456461956516,197240,0.003,172719.05078125,66.55484123229981,-12721.033203125,-0.08186592757701874
108.46236559139786,4,2189,10087,93,184.53739330107524,199720,0.003,165769.92109375,70.2901382446289,-12206.486328125,-0.44124438762664797
109.35106382978724,4,2231,10279,94,186.39562870212765,203560,0.003,185886.33046875,76.28254776000976,-11816.586669921875,-0.616468808054924
108.6842105263158,4,2241,10325,95,184.58674138947367,204480,0.003,190100.28046875,78.40105934143067,-11781.72548828125,-0.416093609854579
115.98958333333333,4,2421,11135,96,193.1820951354167,220680,0.003,117960.723828125,73.1394760131836,-12704.744677734376,-0.009642741084098816
115.36082474226804,4,2432,11190,97,192.05916425773196,221780,0.003,123576.654296875,68.73671264648438,-12863.115576171875,-0.18844315633177758
115.04081632653062,4,2451,11274,98,191.43130055102043,223460,0.003,154377.01484375,69.43156242370605,-12995.658935546875,1.238120985776186
116.16161616161617,4,2502,11500,99,192.93043206060608,227980,0.003,195807.47890625,66.34430389404297,-13373.89423828125,0.4442533075809479
115.11,4,2505,11511,100,191.10669764000002,228200,0.003,198955.09375,64.1945701599121,-13321.3341796875,0.07155369445681573
115.57,4,2518,11570,101,191.97042651,229380,0.003,186609.65,66.58212356567383,-13096.129052734375,-0.13970112502574922
116.34,4,2544,11690,102,194.37669199999996,231780,0.003,163412.6140625,58.34658031463623,-12631.982861328124,-0.06278632432222367
117.96,4,2582,11873,103,197.70703715000002,235440,0.003,117333.638671875,49.52648391723633,-11546.021826171875,-0.18155800327658653
119.56,4,2619,12047,104,201.09043265000003,238920,0.003,88556.681640625,48.04476108551025,-10717.3423828125,-0.06389646045863628
123.47,4,2708,12452,105,206.55061222999996,247020,0.003,73778.8759765625,45.24765605926514,-9738.483544921875,-0.398273142427206
126.47,4,2776,12762,106,211.60186045000003,253220,0.003,87096.270703125,57.51301784515381,-10259.74912109375,-0.4575650356709957
127.04,4,2792,12838,107,213.09403129999998,254740,0.003,85183.3046875,56.047285842895505,-10782.3609375,0.1935071412473917
126.55,4,2801,12875,108,212.49085481000003,255480,0.003,88145.3171875,53.732296752929685,-10898.773095703125,-0.10751775577664376
126.38,4,2811,12919,109,212.00042145,256360,0.003,97530.581640625,49.11435604095459,-11033.837744140625,0.034986402839422226
126.21,4,2822,12970,110,211.44841403999996,257380,0.003,113238.128125,49.008809661865236,-11048.948876953125,-0.41898280903697016
126.7,4,2862,13152,111,212.91583542999996,261020,0.003,65008.675390625,37.25763626098633,-10439.463623046875,0.09765249267220497
130.53,4,2947,13554,112,218.41236087999997,269060,0.003,74383.073046875,40.87013893127441,-8911.51650390625,-0.007838021218776702
132.02,4,3004,13813,113,220.79059841000003,274240,0.003,222891.546875,46.90263957977295,-10064.3822265625,-0.12665013819932938
132.89,4,3040,13973,114,222.64529385999998,277440,0.003,346428.215625,54.06497783660889,-12948.42099609375,-0.3060924746096134
134.75,4,3102,14236,115,225.00842640000002,282700,0.003,602389.7890625,123.5162296295166,-21256.7728515625,0.6982768028974533
135.24,4,3136,14388,116,226.04639925,285740,0.003,703818.0578125,145.50809555053712,-28767.31435546875,0.8466444917023181
135.23,4,3165,14520,117,226.4550242,288380,0.003,837239.75625,134.0185745239258,-32899.69619140625,-0.15031269732862712
134.95,4,3192,14648,118,226.60123622999998,290940,0.003,669746.84375,112.06464080810547,-34161.9248046875,0.07985284104943276
135.08,4,3217,14768,119,226.50253883000002,293340,0.003,652543.8671875,124.90599784851074,-33776.78173828125,0.3674702480435371
136.05,4,3240,14878,120,228.67909904,295540,0.003,567315.925,126.37654342651368,-34444.023046875,0.11883580088615417
137.6,4,3277,15052,121,231.52753291000002,299020,0.003,595409.209375,122.06337509155273,-35030.3,0.3026769235730171
139.04,4,3311,15206,122,234.12594542,302100,0.003,577391.1109375,108.47690811157227,-35398.3431640625,0.17051259875297547
140.33,4,3343,15355,123,237.09768419,305080,0.003,516407.146875,113.65088806152343,-35436.91015625,0.10600573644042015
142.8,4,3401,15622,124,241.62520697,310420,0.003,426080.3359375,92.19149246215821,-32548.39599609375,0.7322863169014454
144.35,4,3438,15795,125,245.07073043,313880,0.003,383474.4984375,108.7731258392334,-30835.28759765625,-0.09335799887776375
145.69,4,3475,15954,126,248.01729586000002,317060,0.003,274463.56484375,72.03815879821778,-28075.38994140625,0.7794018685817719
145.22,4,3488,16009,127,247.90791072,318160,0.003,273290.62734375,64.66714591979981,-26694.77451171875,0.12976525202393532
145.51,4,3538,16239,128,248.78272884999998,322760,0.003,270884.8046875,69.59479560852051,-24384.87568359375,0.5230005748569966
145.52,4,3569,16377,129,248.84886904999996,325520,0.003,199967.328125,48.91639289855957,-21656.32998046875,-0.39294738993048667
141.9,4,3591,16483,130,245.83212092999995,327640,0.003,185501.2140625,58.941958808898924,-19932.7228515625,0.5274269163608551
145.09,4,3728,17097,131,249.49923991,339920,0.003,124920.30625,45.25517349243164,-14991.74833984375,0.06941842548549175
142.94,4,3764,17269,132,248.35395613999998,343360,0.003,97170.61171875,30.909889507293702,-13756.4861328125,-0.016491465270519257
143.54,4,3824,17543,133,250.31020359,348840,0.003,91267.928515625,36.07596435546875,-11859.321630859375,0.4800132945179939
143.91,4,3852,17673,134,250.17454406999994,351440,0.003,69000.621484375,33.83957309722901,-11582.75908203125,0.6586196660995484
146.29,4,3918,17976,135,252.97887396999994,357500,0.003,64017.6126953125,36.287896156311035,-11060.759033203125,0.3103342391550541
146.82,4,3947,18113,136,253.94059070999992,360240,0.003,58628.075390625,23.703063201904296,-10331.263916015625,-0.09758584722876548
147.27,4,3976,18251,137,254.72114969999996,363000,0.003,62687.3177734375,28.092475128173827,-9419.854833984375,-0.027348848432302474
146.88,4,3990,18312,138,253.62426806999997,364220,0.003,76761.162109375,34.27280521392822,-9584.818701171875,-0.36119111329317094
147.77,4,4031,18498,139,255.08126059999995,367940,0.003,112100.806640625,46.01121349334717,-11157.236669921875,-0.8031170427799225
147.65,4,4048,18578,140,254.63922131999996,369540,0.003,117500.609765625,51.1161470413208,-12135.84619140625,-0.7825295645743608
150.58,4,4144,19012,141,256.42901603999996,378220,0.003,128207.550390625,31.91565923690796,-12532.55517578125,-0.09012428596615792
151.83,4,4188,19223,142,257.67229376,382440,0.003,95520.8875,35.857729530334474,-12314.440380859374,-0.011512605100870132
152.06,4,4225,19395,143,258.05779683,385880,0.003,69872.8697265625,25.97310791015625,-11562.337158203125,-0.26863059010356666
152.42,4,4257,19536,144,258.47524311,388700,0.003,54727.7947265625,22.569169521331787,-10392.18408203125,0.30411632992327214
152.94,4,4292,19687,145,258.08664174,391720,0.003,70768.471484375,36.09987564086914,-10127.828369140625,0.23541166372597216
152.98,4,4328,19843,146,257.78529875,394840,0.003,73806.5091796875,39.75774364471435,-10573.4033203125,-0.49722787775099275
153.09,4,4351,19949,147,257.65299472999993,396960,0.003,68537.4810546875,34.070083427429196,-11072.11201171875,0.5664401024580001
153.71,4,4377,20071,148,258.7577935,399400,0.003,86285.7916015625,25.72966022491455,-10981.235498046875,0.03974641039967537
155.99,4,4428,20318,149,261.92917432999997,404340,0.003,200666.882421875,43.24601745605469,-13323.18056640625,0.0015139613300561906
162.08,4,4562,20944,150,269.50352587000003,416860,0.003,90741.751953125,32.107437229156496,-12333.122900390625,-0.6563346602022648
163.63,4,4600,21114,151,272.57377777,420260,0.003,94977.4708984375,32.446920776367186,-12341.420849609374,0.21470780149102212
165.75,4,4645,21340,152,276.43636951,424780,0.003,69499.12421875,23.98043575286865,-11564.611181640625,0.1602847460657358
167.96,4,4697,21579,153,279.97834711999997,429560,0.003,53692.583984375,22.778593063354492,-9985.780615234375,-0.8272684752941132
169.09,4,4727,21713,154,281.75556403,432240,0.003,50319.776953125,21.87044839859009,-9663.11787109375,-0.2625103458762169
169.78,4,4748,21813,155,282.19880456999994,434240,0.003,60038.6455078125,25.046266078948975,-9410.81357421875,-0.2864302687346935
170.9,4,4780,21964,156,283.0725354,437260,0.003,92774.81484375,29.452654075622558,-10797.085888671874,0.20091245248913764
171.76,4,4837,22232,157,283.80706489,442620,0.003,112402.53125,32.4940092086792,-12101.84208984375,-0.14593434929847718
177.86,4,4994,22969,158,290.63054970999997,457360,0.003,89396.7943359375,25.143415546417238,-12864.47607421875,0.16827251091599466
177.29,4,5007,23027,159,288.5403371,458520,0.003,218903.201171875,36.74679107666016,-12878.239501953125,-0.3225907273590565
178.24,4,5056,23249,160,287.37705453999996,462960,0.003,162277.273828125,51.48714962005615,-16521.735400390626,-0.44283408522605894
177.92,4,5077,23346,161,285.87169860999995,464900,0.003,122883.38359375,37.739107322692874,-16621.249462890624,0.254797981120646
178.07,4,5102,23463,162,286.2367522899999,467240,0.003,114737.02421875,32.77610569000244,-15877.342236328124,-0.48348811343312265
178.29,4,5127,23584,163,286.53844241999997,469660,0.003,77744.2408203125,22.272543907165527,-14556.208154296875,-0.23060363419353963
178.3,4,5145,23675,164,286.10098791999997,471480,0.003,115961.4525390625,23.27606143951416,-13607.354541015626,0.2104045607149601
178.99,4,5181,23846,165,286.57541538999993,474900,0.003,76016.22578125,26.730794048309328,-12819.71064453125,-0.2504205066710711
179.97,4,5228,24070,166,287.87247745999997,479380,0.003,79059.09296875,25.296734142303468,-12579.37607421875,0.1774655230343342
179.92,4,5248,24160,167,287.64433932,481180,0.003,103765.079296875,33.597083473205565,-12399.004150390625,-0.14601488448679448
179.39,4,5267,24249,168,285.16093888,482960,0.003,86214.3630859375,32.12989444732666,-12428.54140625,-0.17511989921331406
180.97,4,5346,24611,169,285.5904387,490200,0.003,98382.394921875,34.01609306335449,-11824.57724609375,0.017865249142050742
180.71,4,5375,24738,170,285.37816031,492740,0.003,113406.273046875,32.20880603790283,-13509.818408203126,-0.4105383723974228
180.02,4,5404,24869,171,284.84386114999995,495360,0.003,97264.858203125,29.289137744903563,-14339.0578125,0.2369672939181328
178.38,4,5417,24923,172,282.37987514,496440,0.003,115111.459375,30.123919868469237,-14506.2779296875,-0.00013636648654937744
178.03,4,5449,25065,173,282.13140668999995,499280,0.003,110403.26171875,30.35844497680664,-14958.494384765625,0.05607389286160469
181.01,4,5526,25435,174,286.28073484,506680,0.003,81039.26875,28.796115684509278,-14767.502734375,0.2534146212041378
183.56,4,5603,25787,175,289.64213104999993,513720,0.003,96028.275390625,26.554814529418945,-14832.549609375,-0.1862627474591136
184.13,4,5635,25928,176,290.90863134000006,516540,0.003,109430.115625,24.003022289276124,-14361.600927734375,-0.6612707905471324
183.8,4,5658,26034,177,291.49867206000005,518660,0.003,159583.141796875,32.778931045532225,-14130.242431640625,-1.0096603933721782
186.34,4,5725,26344,178,294.69082126000006,524860,0.003,148142.525,44.682684898376465,-16374.96533203125,0.14627418890595437
183.69,4,5739,26410,179,291.55231050000003,526180,0.003,135979.780078125,38.47665386199951,-16415.197216796874,-0.8437346287071705
184.49,4,5785,26615,180,293.43228465000004,530280,0.003,145100.487109375,41.54349956512451,-16840.270166015624,0.11618369743227959
185.89,4,5843,26888,181,295.31413141,535740,0.003,258755.83515625,39.537729263305664,-16278.657080078125,-0.0058009415864944455
185.52,4,5865,26991,182,294.69973902000004,537800,0.003,322664.41875,48.445433616638184,-18673.25546875,0.31188314184546473
185.2,4,5896,27141,183,294.44834221,540800,0.003,317323.1140625,38.31829204559326,-18436.30947265625,0.22327454574406147
184.88,4,5928,27292,184,294.0954023500001,543820,0.003,182766.31640625,34.32353763580322,-18369.93212890625,-0.752496887743473
184.78,4,5963,27449,185,293.73249313,546960,0.003,162812.624609375,33.71661510467529,-17745.66142578125,0.09435499757528305
183.34,4,5969,27476,186,291.06666079,547500,0.003,157019.705078125,34.69525928497315,-17591.16826171875,0.605269343405962
183.34,4,5994,27591,187,291.07455935999997,549800,0.003,125540.36484375,33.877149772644046,-16851.478466796874,-0.3154561921954155
185.39,4,6066,27918,188,292.96980741999994,556340,0.003,77185.690625,21.964898014068602,-14297.17880859375,0.6860352754592896
187.28,4,6124,28200,189,295.8686320599999,561980,0.003,77399.66796875,22.90507764816284,-12255.333837890625,-0.13125393241643907
185.75,4,6132,28238,190,293.26861687999997,562740,0.003,84117.565625,27.458655452728273,-12258.4146484375,-0.3140667639672756
185.82,4,6168,28402,191,292.48058220999997,566020,0.003,64856.801953125,21.864246559143066,-11866.457421875,-0.2562612883746624
187.65,4,6239,28728,192,294.03107846,572540,0.003,63933.796484375,18.891021728515625,-10169.1001953125,-0.0024057094007730482
188.16,4,6277,28903,193,295.27581179000003,576040,0.003,88866.461328125,21.892045879364012,-10119.12568359375,0.12787288352847098
187.72,4,6309,29051,194,294.10626321,579000,0.003,53606.3658203125,22.337052249908446,-10190.90712890625,-0.2355128675699234
189.34,4,6354,29259,195,297.76729428999994,583160,0.003,54638.0966796875,16.891308879852296,-9732.818505859375,-0.21994929611682892
181.86,4,6368,29321,196,288.62616476999995,584400,0.003,50671.24296875,17.118076515197753,-9634.760302734376,-0.05226389206945896
183.94,4,6427,29584,197,292.15417320999995,589660,0.003,64562.5548828125,19.00003089904785,-9144.296484375,0.30544225834310057
183.6,4,6438,29634,198,291.11862862,590660,0.003,71113.7373046875,26.674435138702393,-9386.267822265625,-0.18164195381104947
183.05,4,6476,29805,199,289.34289211000004,594080,0.003,80813.4369140625,25.212653636932373,-10016.06748046875,0.02135043069720268
183.91,4,6499,29902,200,290.33806277,596020,0.003,80085.407421875,26.58044853210449,-10353.629736328125,-0.34281906932592393
183.99,4,6514,29969,201,290.00790767000007,597360,0.003,85309.393359375,27.513974285125734,-10651.189404296874,-0.06326688230037689
188.68,4,6641,30558,202,294.35560424000005,609140,0.003,49523.2939453125,16.451408290863036,-9373.147216796875,-0.21302516609430314
187.1,4,6645,30583,203,291.32136116,609640,0.003,58321.1162109375,17.10790548324585,-9328.520849609375,0.20852169170975685
187.21,4,6684,30768,204,290.61128241999995,613340,0.003,50504.7544921875,17.186990356445314,-9164.347021484375,0.6147707805037499
184.54,4,6715,30906,205,287.71340746999994,616100,0.003,54930.0046875,18.696944999694825,-9178.405712890624,0.5298561438918113
182.74,4,6744,31036,206,285.12640658,618700,0.003,62225.8412109375,17.603489780426024,-9247.813671875,-0.20925940200686455
183.54,4,6779,31192,207,286.24383974999995,621820,0.003,49374.12421875,19.90084924697876,-9232.897900390624,0.026225367933511733
184.54,4,6809,31329,208,288.15509448999995,624560,0.003,56876.30546875,17.434167861938477,-8974.305908203125,0.21011269204318522
187.32,4,6879,31651,209,293.11192675999996,631000,0.003,50205.3064453125,15.780561065673828,-8293.395971679687,-0.009725197032094002
187.26,4,6889,31696,210,293.03236072,631900,0.003,54269.78359375,16.857517337799074,-8274.137646484374,0.2409520886838436
187.13,4,6924,31865,211,292.00685079999994,635280,0.003,42067.89482421875,15.159597778320313,-7738.2572021484375,0.1786485929042101
184.05,4,6945,31959,212,287.47017166,637160,0.003,42795.2974609375,17.33163537979126,-7786.869213867188,-0.5078723482787609
182.76,4,6975,32089,213,284.82933817,639760,0.003,48524.36875,14.287731170654297,-7580.332690429687,-0.5475836075842381
182.21,4,6997,32194,214,283.09434647,641860,0.003,48532.1736328125,15.897189378738403,-7456.805859375,0.11471399739384651
180.57,4,7019,32293,215,280.64855631,643840,0.003,41147.200390625,16.751589012145995,-7557.841333007813,-0.26016637720167635
179.96,4,7041,32384,216,279.09482126,645660,0.003,40194.8810546875,15.604097938537597,-7472.913500976562,-0.03766749203205109
180.51,4,7082,32571,217,279.53950626,649400,0.003,37118.641015625,12.719674491882325,-7112.310498046875,-0.08876894377171993
179.9,4,7096,32638,218,277.91858497,650740,0.003,35625.08173828125,11.140598583221436,-6780.061694335937,-0.06786532551050187
179.87,4,7122,32755,219,277.98835812,653080,0.003,37176.96943359375,9.034957599639892,-6375.8055419921875,-0.21359039321541787
188.77,4,7342,33755,220,287.09788706,673080,0.003,53418.17109375,18.30177230834961,-7200.849877929688,0.6692101776599884
187.74,4,7359,33826,221,285.38181703,674500,0.003,60935.332421875,15.191765737533569,-7080.589379882813,-0.4273189060389996
188.62,4,7411,34068,222,286.56679083,679340,0.003,81079.8162109375,19.761888027191162,-7581.036157226563,-0.24081694334745407
188.08,4,7432,34163,223,284.78512795999995,681240,0.003,98089.5205078125,23.99834680557251,-8244.015869140625,0.27241223230957984
186.22,4,7450,34244,224,281.3862177,682860,0.003,96324.01015625,33.34613208770752,-9184.0341796875,-0.3424211241304874
184.88,4,7459,34283,225,278.53158672999996,683640,0.003,104228.443359375,35.91205463409424,-9791.806396484375,0.15064899623394012
184.85,4,7492,34439,226,278.13624639999995,686760,0.003,99339.294140625,23.504265785217285,-10275.371142578126,-0.37430533953011036
190.82,4,7636,35091,227,288.4267615499999,699800,0.003,75069.4091796875,17.360598754882812,-8728.729345703125,0.5248066745698452
192.19,4,7717,35458,228,289.94269097999995,707140,0.003,62653.6212890625,17.755362892150877,-8623.088134765625,-0.38841900527477263
200.11,4,7918,36388,229,307.02049967999994,725740,0.003,39864.56025390625,16.870653915405274,-7121.112622070313,0.3403267450630665
202.46,4,7993,36729,230,310.65267492,732560,0.003,42640.164453125,12.692766046524047,-6773.866357421875,0.34626820161938665
197.36,4,8015,36833,231,305.9121644499999,734640,0.003,39498.17099609375,11.584105205535888,-6584.011743164063,-0.45878801941871644
195.93,4,8021,36862,232,303.01502087999995,735220,0.003,41154.35419921875,11.74204649925232,-6473.573266601563,-0.04433151073753834
193.56,4,8029,36899,233,299.32491146,735960,0.003,36237.330859375,11.783709478378295,-6398.5251953125,-0.05114227719604969
194.37,4,8076,37110,234,301.99000143,740180,0.003,34880.25732421875,13.052980947494508,-5882.740063476563,-0.21110888347029685
191.76,4,8085,37152,235,298.16876878000005,741020,0.003,42823.44208984375,12.199945545196533,-5745.020043945313,-0.11860886886715889
193.74,4,8156,37487,236,300.96309653000003,747720,0.003,29040.984619140625,11.2492205619812,-5088.69580078125,0.518280852213502
199.51,4,8311,38202,237,305.74850424,762020,0.003,14417.847265625,9.135036134719849,-3958.7659423828127,0.08981559053063393
205.56,4,8458,38868,238,316.73348544,775340,0.003,12434.727099609376,5.071114420890808,-3184.1543823242187,-0.04690296985208988
207.06,4,8532,39204,239,317.20663571,782060,0.003,16374.05078125,7.155286455154419,-3138.57119140625,-0.06484035402536392
207.72,4,8563,39350,240,318.6272605,784980,0.003,16933.212451171876,7.904010534286499,-3200.7653930664064,-0.19236659593880176
207.95,4,8660,39807,241,322.93710243000004,794120,0.003,13074.068017578125,8.053687620162965,-3212.23173828125,-0.035899043828248975
206.66,4,8678,39889,242,320.57738069,795760,0.003,14426.6232421875,7.87264609336853,-3198.72802734375,0.1532441832125187
210.97,4,8805,40492,243,323.6027002,807820,0.003,13546.517919921875,7.159803247451782,-2968.6291259765626,-0.031033390387892722
211.26,4,8842,40662,244,322.46960935999994,811220,0.003,19988.95771484375,12.463898038864135,-3541.7679809570313,0.0814179576933384
219.75,4,9061,41662,245,331.75275717999995,831220,0.003,13363.303125,8.63239803314209,-4075.6777221679686,-0.1883379515260458
222.54,4,9156,42097,246,337.13145283,839920,0.003,11782.443408203126,5.399512553215027,-3705.4771484375,-0.11627586409449578
226.58,4,9269,42607,247,341.81974099,850120,0.003,9278.7626953125,5.821490168571472,-3184.2255004882813,0.21668337062001228
227.63,4,9315,42834,248,342.94400951999995,854660,0.003,6938.740209960937,5.107646536827088,-2716.9815185546877,0.371080119907856
228.5,4,9388,43168,249,342.94297129,861340,0.003,6971.448706054687,5.914242601394653,-2549.672570800781,0.23144765254110097
227.99,4,9511,43743,250,343.14723942999996,872840,0.003,3989.8132202148436,3.2547919392585754,-2015.350079345703,0.0901236042380333
236.29,4,9731,44743,251,351.46626496,892840,0.003,2272.2595947265627,2.624636745452881,-1284.4756591796875,0.05008261054754257
237.0,4,9795,45040,252,352.59049519,898780,0.003,2542.532391357422,2.9990822315216064,-1299.1610046386718,0.11449201907962561
244.61,4,10014,46040,253,361.19390564,918780,0.003,1346.1276580810547,2.242762792110443,-1123.8329345703125,-0.0627484168857336
244.02,4,10030,46115,254,360.52901477000006,920280,0.003,1326.647268676758,3.019814109802246,-1152.1948669433593,0.047771663032472135
243.74,4,10046,46187,255,360.86865836,921720,0.003,1523.5196716308594,2.5853503346443176,-1141.4553588867188,0.188640689663589
243.86,4,10083,46350,256,362.83736874000004,924980,0.003,1276.5881469726562,2.0063916742801666,-1051.6002014160156,-0.13641192391514778
251.18,4,10306,47350,257,369.3635184,944980,0.003,633.1522171020508,1.286190676689148,-750.0726043701172,-0.026655138470232487
245.33,4,10340,47502,258,362.38453612000006,948020,0.003,777.9235687255859,1.1025837659835815,-727.0511810302735,0.012445368501357735
246.25,4,10374,47652,259,364.3947666100001,951020,0.003,588.8646301269531,0.8952897846698761,-679.9102264404297,0.013279680418781937
246.12,4,10419,47861,260,365.76400245,955200,0.003,583.4553955078125,0.7727518439292907,-604.5121917724609,0.034736228780820964
246.97,4,10458,48043,261,367.11221322000006,958840,0.003,557.9711608886719,1.0088867872953415,-550.3221466064454,0.00027447130960354114
247.69,4,10500,48232,262,365.84839459,962620,0.003,469.6477020263672,0.8744643241167068,-539.06533203125,0.006477648741565645
249.81,4,10572,48565,263,367.77906751,969280,0.003,416.7800765991211,1.1230124413967133,-528.6135360717774,-0.024194982659537345
258.9,4,10793,49565,264,376.62929721,989280,0.003,400.501155090332,0.8932525813579559,-439.3021575927734,0.011101527535356582
264.98,4,10960,50344,265,390.43724392,1004860,0.003,142.63878593444824,0.4852933883666992,-385.6409255981445,0.03657475747168064
270.19,4,11123,51089,266,394.62761147000003,1019760,0.003,83.71093215942383,0.35668336004018786,-273.5221878051758,0.09378308895975351
272.03,4,11184,51363,267,397.3906655800001,1025240,0.003,76.63057746887208,0.5148282468318939,-279.36017456054685,-0.030905760638415814
275.05,4,11273,51754,268,405.9631191600001,1033060,0.003,73.49887828826904,0.38945440798997877,-305.4984527587891,-0.05622495752759278
272.28,4,11293,51839,269,403.34911769000007,1034760,0.003,71.09209175109864,0.3721721574664116,-302.95321197509764,-0.06177031751722097
281.01,4,11512,52839,270,414.77565983,1054760,0.003,112.90631790161133,0.8586437404155731,-301.6220306396484,-0.007399900793097913
283.91,4,11605,53260,271,418.01558078,1063180,0.003,78.35354042053223,0.38740726858377456,-335.96468048095704,-0.09673149837180972
287.3,4,11692,53653,272,421.5027138700001,1071040,0.003,82.17512912750244,0.6814128011465073,-329.54556732177736,0.006793565303087235
287.92,4,11735,53857,273,423.44419669,1075120,0.003,69.15455112457275,0.5074109464883805,-347.2900054931641,0.06509165419265628
294.22,4,11957,54857,274,428.55323952,1095120,0.003,136.22984886169434,1.2286768078804016,-438.6302215576172,-0.009970909054391085
300.7,4,12175,55857,275,434.71641249999993,1115120,0.003,100.9924394607544,0.4648147612810135,-359.28467254638673,0.09433915615081787
303.76,4,12275,56304,276,437.1214415,1124060,0.003,200.27033653259278,0.7854466736316681,-386.9762161254883,0.0029406734742224217
304.01,4,12303,56435,277,438.1068017300001,1126680,0.003,173.0957908630371,0.7849756151437759,-441.3802154541016,0.005540172313340008
305.12,4,12396,56856,278,444.25429163000007,1135100,0.003,204.97278366088867,0.6983366221189499,-509.189892578125,0.039553789608180526
309.08,4,12500,57318,279,451.7172032200001,1144340,0.003,146.5642276763916,0.5577205330133438,-496.01685943603513,-0.08264283780008555
307.24,4,12505,57339,280,447.81348985000005,1144760,0.003,140.05618705749512,0.5310317754745484,-493.16182098388674,-0.0029711578506976368
304.88,4,12514,57376,281,444.0826976800001,1145500,0.003,134.82524299621582,0.47857618927955625,-486.46236114501954,-0.04711879552341998
306.89,4,12582,57680,282,448.4878351,1151580,0.003,102.18954658508301,0.33358892649412153,-414.6941970825195,-0.13787086457014083
307.28,4,12621,57869,283,449.06892222000005,1155360,0.003,349.8272308349609,0.9939719349145889,-411.2275848388672,-0.0008432398390141316
315.77,4,12839,58869,284,457.40550920000004,1175360,0.003,70.57026863098145,0.4997309669852257,-386.75511627197267,0.04602368455380201
324.2,4,13062,59869,285,467.82906769,1195360,0.003,55.07122650146484,0.3898874416947365,-298.9120864868164,-0.022647222178056835
329.18,4,13176,60394,286,477.73735982,1205860,0.003,51.41166191101074,0.43841662257909775,-340.7335479736328,-1.2622075155377388e-05
338.03,4,13391,61394,287,486.46684849999997,1225860,0.003,70.50148715972901,0.42073320746421816,-304.18795623779295,0.035231432877480984
339.58,4,13500,61876,288,487.26066545000003,1235500,0.003,90.84242954254151,0.5434729725122451,-342.47202453613284,-0.05272481134161353
340.9,4,13589,62290,289,490.82128439,1243780,0.003,60.479116439819336,0.4311987593770027,-338.60848236083984,0.03844287320971489
342.75,4,13635,62513,290,494.63442918,1248240,0.003,65.40589122772217,0.3211626723408699,-327.32758178710935,-0.05379277542233467
343.8,4,13692,62782,291,497.45174352999993,1253620,0.003,29.562267971038818,0.1957750678062439,-295.55639801025393,-0.29830428306013346
342.54,4,13738,62982,292,496.45073342999996,1257620,0.003,30.688209438323973,0.18521293848752976,-269.22139129638674,0.011692104302346707
350.79,4,13949,63982,293,514.81525545,1277620,0.003,11.52187647819519,0.12004905454814434,-204.1988426208496,0.14465541280806066
359.31,4,14169,64982,294,538.8635694,1297620,0.003,10.479752326011658,0.12317926809191704,-188.74116897583008,0.012048861011862755
367.23,4,14386,65982,295,561.42720646,1317620,0.003,8.771505904197692,0.1084623534232378,-192.8407760620117,-0.3326675251126289
372.01,4,14505,66522,296,574.72942119,1328420,0.003,10.852525115013123,0.13126164823770523,-193.25242767333984,-0.054627003893256185
373.21,4,14593,66905,297,579.06122052,1336080,0.003,29.45427885055542,0.3126025661826134,-209.0719009399414,-0.1207139752805233
381.53,4,14787,67787,298,591.0773535599999,1353720,0.003,19.970621252059935,0.14961231127381325,-234.2117492675781,0.095001832395792
389.82,4,15006,68787,299,608.16017748,1373720,0.003,14.115033054351807,0.14531540796160697,-206.40246200561523,0.11597460359334946
395.92,4,15161,69494,300,626.5226577299999,1387860,0.003,11.777911496162414,0.14684454277157782,-199.43328247070312,0.5343142330646515
399.13,4,15246,69882,301,635.8314909200001,1395620,0.003,7.391237330436707,0.11059620715677738,-199.58677291870117,-0.28054838329553605
403.24,4,15464,70882,302,657.06570967,1415620,0.003,6.904345321655273,0.1289071783423424,-200.57769165039062,-0.10554023887962102
409.95,4,15615,71578,303,677.7067971000001,1429540,0.003,10.878131866455078,0.13390014991164206,-207.05610733032228,0.003843704983592033
412.95,4,15726,72063,304,688.5780208399999,1439240,0.003,9.672998285293579,0.12420747205615043,-212.58698654174805,-0.11150425150990487
414.58,4,15789,72364,305,695.1925300899999,1445260,0.003,6.969752931594849,0.12032490707933903,-211.56418075561524,-0.7564801059663295
423.28,4,16007,73364,306,720.4624258599998,1465260,0.003,34.34721479415894,0.2562951400876045,-219.55083618164062,-0.2414930250495672
423.0,4,16034,73492,307,720.93106272,1467820,0.003,39.87750253677368,0.4174080953001976,-228.4519821166992,0.03414458073675632
423.03,4,16063,73632,308,721.61700415,1470620,0.003,34.234482765197754,0.4038858339190483,-254.56157302856445,-0.11370183546096087
422.59,4,16123,73910,309,722.42063779,1476180,0.003,36.382469177246094,0.33639092594385145,-238.20855865478515,-0.03049761997535825
424.83,4,16182,74179,310,726.7555998300002,1481560,0.003,40.41429967880249,0.5021962404251099,-271.7951232910156,-0.043061220273375514
433.14,4,16406,75179,311,734.1614448800001,1501560,0.003,16.68520188331604,0.21827490404248237,-250.6737548828125,-0.1630377247929573
435.28,4,16473,75487,312,738.37257273,1507720,0.003,13.434139442443847,0.13903080448508262,-231.04236907958983,-0.18447624184191228
436.44,4,16526,75733,313,741.72781812,1512640,0.003,9.34286026954651,0.12372826859354973,-212.76870574951172,0.2491325091570616
444.43,4,16725,76637,314,766.48112119,1530720,0.003,9.222815334796906,0.1393522821366787,-206.1418716430664,0.2956821408122778
453.44,4,16944,77637,315,793.98531091,1550720,0.003,8.344627451896667,0.13663405403494835,-210.24307861328126,0.0530281763523817
453.86,4,16972,77770,316,795.26919971,1553380,0.003,7.597017157077789,0.14736061915755272,-210.19793319702148,-0.002942429855465889
456.26,4,17068,78197,317,805.35848702,1561920,0.003,10.997742533683777,0.1349836640059948,-211.19930725097657,0.10920779593288898
459.72,4,17154,78610,318,816.7679359399999,1570180,0.003,11.133136129379272,0.11852678805589675,-211.2005958557129,-0.08581079542636871
468.55,4,17372,79610,319,843.3417071499998,1590180,0.003,9.620903253555298,0.13551221862435342,-211.3752182006836,0.30138870775699617
462.59,4,17457,80014,320,844.0324474399999,1598260,0.003,10.255633020401001,0.12659777626395224,-213.40778121948242,-0.01742215044796467
471.88,4,17666,81014,321,875.5220529399999,1618260,0.003,8.756236159801484,0.1133510123938322,-217.99676361083985,0.10316749811172485
479.46,4,17885,82014,322,902.01020635,1638260,0.003,6.57217755317688,0.12874583452939986,-220.80535507202148,-0.06138166189193726
481.17,4,17943,82280,323,908.8769412099999,1643580,0.003,8.615174913406372,0.12467382811009883,-222.0613540649414,-0.28331640362739563
483.48,4,18010,82592,324,917.44466802,1649820,0.003,8.27319667339325,0.11772906817495823,-220.0766830444336,0.22674463503062725
493.09,4,18228,83592,325,948.15891946,1669820,0.003,11.322562456130981,0.1356362856924534,-223.11998901367187,0.4719687484204769
497.49,4,18354,84188,326,963.5478160800001,1681740,0.003,7.245816373825074,0.12336941845715046,-226.76225357055665,0.30331650860607623
500.97,4,18568,85188,327,984.5672321200001,1701740,0.003,8.129791975021362,0.12225679904222489,-230.68465270996094,0.040832430869340894
501.83,4,18669,85641,328,993.7718932500002,1710800,0.003,7.278911375999451,0.14254034012556077,-231.1570686340332,0.29545445628464223
502.53,4,18886,86641,329,1005.4834227700001,1730800,0.003,12.866336345672607,0.1540105238556862,-235.00214233398438,-0.42857161834836005
503.69,4,18987,87098,330,1013.59708612,1739940,0.003,16.070922803878783,0.18688347116112708,-237.170401763916,-0.16685306392610072
504.05,4,19020,87238,331,1014.61804347,1742740,0.003,11.935930204391479,0.1672654591500759,-233.06615676879883,-0.34594583678990604
505.21,4,19051,87383,332,1016.33455122,1745640,0.003,11.223961472511292,0.14483878165483474,-230.1364501953125,-0.4057665948756039
511.25,4,19192,88024,333,1036.2753142000001,1758460,0.003,11.724912762641907,0.1558150313794613,-226.3131896972656,-0.2883643236011267
519.14,4,19407,89024,334,1062.9181296600002,1778460,0.003,10.409855270385743,0.13196454271674157,-228.14706573486328,-0.2078906364738941
528.72,4,19625,90024,335,1093.9279214000003,1798460,0.003,11.585794019699097,0.13887025862932206,-232.15424575805665,-0.10098369978368282
535.37,4,19844,91024,336,1120.8580861100002,1818460,0.003,10.35747504234314,0.12585888095200062,-235.40055084228516,-0.46420445553958417
538.22,4,20062,92024,337,1145.0500151200001,1838460,0.003,9.975123643875122,0.18138513565063477,-238.6650245666504,0.1347994100302458
539.05,4,20225,92773,338,1156.4759329099998,1853440,0.003,8.418369007110595,0.1289936698973179,-238.34673995971679,-0.010524768754839898
537.58,4,20266,92962,339,1157.63702493,1857220,0.003,7.294749307632446,0.12480131350457668,-235.65250396728516,-0.08065551519393921
546.12,4,20482,93962,340,1187.9778799,1877220,0.003,8.713562369346619,0.15429543554782868,-238.0825622558594,-0.15998872481286525
544.55,4,20544,94262,341,1187.6693628,1883220,0.003,19.54832410812378,0.13986981883645058,-237.81958770751953,0.21914450600743293
553.73,4,20760,95262,342,1219.35248404,1903220,0.003,16.551225709915162,0.1298476055264473,-243.5510398864746,0.4410161130130291
550.2,4,20815,95512,343,1221.18479333,1908220,0.003,9.23332667350769,0.12979058399796486,-243.7105743408203,0.3491914551705122
556.49,4,20989,96311,344,1245.59006282,1924200,0.003,10.757146406173707,0.1849294438958168,-244.2060806274414,-0.03421737570315599
556.49,4,21206,97311,345,1267.6564797499998,1944200,0.003,9.055338478088379,0.13291028663516044,-243.1049789428711,0.13688832223415376
562.14,4,21419,98311,346,1293.0304581799999,1964200,0.003,8.855540442466737,0.14371722117066382,-247.5818359375,-0.04670293480157852
564.95,4,21593,99102,347,1312.9117792,1980020,0.003,16.35133719444275,0.19218165874481202,-255.4290283203125,-0.09500362165272236
565.85,4,21664,99419,348,1319.2505369899998,1986360,0.003,14.012010765075683,0.15644720643758775,-251.76100463867186,0.22963449554517865
565.94,4,21738,99762,349,1327.0463414399999,1993220,0.003,15.67808780670166,0.1862968035042286,-253.20350799560546,-0.09411330819129944
561.51,4,21766,99894,350,1321.9158669799997,1995860,0.003,18.347359800338744,0.28789162784814837,-254.54853057861328,-0.07118630660697818
552.83,4,21798,100026,351,1313.03136439,1998500,0.003,19.099009132385255,0.23611095324158668,-260.76075210571287,-0.1478088427335024
551.53,4,21835,100193,352,1310.2267755199998,2001840,0.003,15.938540983200074,0.1820523351430893,-259.6609817504883,0.012509730830788612
547.34,4,21965,100774,353,1308.8266610099997,2013460,0.003,10.060042214393615,0.11852854117751122,-245.85648727416992,-0.37168987169861795
550.18,4,22042,101133,354,1318.38826097,2020640,0.003,11.157564008235932,0.12948368787765502,-240.90715866088868,0.2489736160263419
559.46,4,22265,102133,355,1349.95822098,2040640,0.003,7.813704085350037,0.1277211457490921,-243.59856414794922,-0.1472175620496273
567.83,4,22481,103133,356,1379.1037653999997,2060640,0.003,10.712803423404694,0.13636064603924752,-247.61716842651367,0.32983229868113995
564.13,4,22618,103763,357,1389.77880289,2073240,0.003,10.168287992477417,0.11354744508862495,-249.80632553100585,0.043475935235619545
572.61,4,22828,104763,358,1420.2798709100002,2093240,0.003,10.827525019645691,0.13367001116275787,-251.66508026123046,0.2360719608142972
581.11,4,23038,105763,359,1450.38025291,2113240,0.003,9.297296643257141,0.11798440292477608,-250.13667068481445,-0.056263528391718866
589.02,4,23263,106763,360,1480.3216473400003,2133240,0.003,9.98037416934967,0.1317623019218445,-253.85255813598633,0.14148442149162294
597.2,4,23485,107763,361,1510.9173136900001,2153240,0.003,7.563458049297333,0.12324725203216076,-255.13458786010742,0.038515346497297286
604.63,4,23685,108695,362,1540.6930266699999,2171880,0.003,10.46451394557953,0.11618306078016757,-254.37646484375,0.18537921998649837
606.14,4,23793,109179,363,1552.1113977799998,2181560,0.003,7.7140850067138675,0.1259721226990223,-255.27863845825195,-0.07881884016096592
606.14,4,24017,110179,364,1574.3907861999999,2201560,0.003,7.95818647146225,0.12559543922543526,-252.303564453125,0.17977842874825
602.03,4,24100,110547,365,1570.13699468,2208920,0.003,8.923983716964722,0.11379986256361008,-255.37513580322266,0.030178567767143248
604.58,4,24322,111547,366,1595.08359282,2228920,0.003,7.4075225472450255,0.12181896977126598,-257.5307456970215,-0.1987272035330534
611.84,4,24547,112547,367,1623.95661432,2248920,0.003,8.588622725009918,0.11105415970087051,-258.0440361022949,0.24170158319175244
617.93,4,24759,113547,368,1647.5647094400001,2268920,0.003,6.906305623054505,0.11421705558896064,-258.79684524536134,0.42521646097302435
627.08,4,24973,114547,369,1678.9991016899999,2288920,0.003,8.62367296218872,0.11961303688585759,-259.7326416015625,-0.3750228151679039
627.08,4,25185,115547,370,1698.8153886500002,2308920,0.003,7.893817186355591,0.12985442206263542,-261.8076972961426,0.7231616981327533
632.87,4,25400,116547,371,1726.55495054,2328920,0.003,17.937293541431426,0.1269629679620266,-259.29942321777344,0.28137977942824366
638.94,4,25616,117547,372,1755.4567092300003,2348920,0.003,7.615016055107117,0.124321199208498,-261.1140899658203,-0.5640808230265975
646.9,4,25838,118547,373,1784.6089186200002,2368920,0.003,12.997855949401856,0.11854296810925007,-262.2667007446289,-0.37831646129488944
