time/episodes,rollout/ep_len_mean,time/total_timesteps,rollout/ep_rew_mean,time/fps,time/time_elapsed,train/learning_rate,train/ent_coef,train/n_updates,train/ent_coef_loss,train/actor_loss,train/critic_loss
1,20.0,20,4.453855,98,0,,,,,,
2,19.0,38,4.964859499999999,165,0,,,,,,
3,19.333333333333332,58,5.365914666666666,228,0,,,,,,
4,20.5,82,6.2463299999999995,294,0,,,,,,
5,19.6,98,5.056688199999999,334,0,,,,,,
6,22.666666666666668,136,4.812732333333333,22,5,0.003,0.901526927947998,700,-0.6904529333114624,-18.44068145751953,0.3772709593176842
7,37.714285714285715,264,0.5498289999999996,13,20,0.003,0.6275222301483154,3260,-2.434277057647705,-51.05525207519531,0.8398060649633408
8,53.125,425,5.258958,11,37,0.003,0.40582403540611267,6480,-4.553569793701172,-79.51353454589844,0.6295214295387268
9,63.333333333333336,570,33.231077666666664,10,54,0.003,0.28618717193603516,9380,-4.857518196105957,-98.02650451660156,0.40478322803974154
10,79.3,793,63.4058275,10,79,0.003,0.185647115111351,13840,-3.1590919494628906,-124.45889282226562,0.9532988160848618
11,78.45454545454545,863,60.620475636363636,9,86,0.003,0.16923220455646515,15240,-3.2888457775115967,-131.836181640625,1.1169537603855133
12,85.0,1020,78.65582075,9,104,0.003,0.1556732952594757,18380,-0.07887913286685944,-149.734619140625,0.9562278181314469
13,106.6923076923077,1387,108.3775496923077,9,143,0.003,0.17704828083515167,25720,0.8149082660675049,-198.46005249023438,1.5423270642757416
14,105.14285714285714,1472,99.96025235714285,9,152,0.003,0.1766599863767624,27420,-0.6118564009666443,-200.52987670898438,2.235682785511017
15,106.06666666666666,1591,108.46598913333332,9,165,0.003,0.17217083275318146,29800,1.50741446018219,-206.35882568359375,3.1473713636398317
16,113.5625,1817,122.3077875625,9,189,0.003,0.16257919371128082,34320,1.032961368560791,-217.7685089111328,3.376206910610199
17,115.6470588235294,1966,131.11954176470587,9,205,0.003,0.1648285984992981,37300,-0.07690459489822388,-227.66465759277344,23.89063662290573
18,117.33333333333333,2112,138.4074066111111,9,221,0.003,0.16542086005210876,40220,-0.03650403022766113,-234.08168029785156,8.291452580690384
19,126.84210526315789,2410,153.04235163157892,9,255,0.003,0.14477358758449554,46180,-1.099151372909546,-237.95387268066406,1.987187111377716
20,127.45,2549,158.03817799999996,9,270,0.003,0.14121362566947937,48960,-0.32736292481422424,-238.82861328125,1.541888165473938
21,129.8095238095238,2726,164.6894184285714,9,289,0.003,0.13310176134109497,52500,-1.3714191913604736,-241.28152465820312,1.7591621279716492
22,128.95454545454547,2837,167.17515795454543,9,301,0.003,0.12201739102602005,54720,-0.4412475824356079,-237.72964477539062,3.409856778383255
23,129.04347826086956,2968,170.65963743478258,9,315,0.003,0.11744216829538345,57340,-0.39614441990852356,-235.13136291503906,6.345693242549896
24,129.375,3105,174.42307141666666,9,330,0.003,0.11628056317567825,60080,-1.1401283740997314,-235.55081176757812,3.2293814420700073
25,130.84,3271,179.47663864000003,9,349,0.003,0.10573982447385788,63400,0.5511534214019775,-238.74609375,2.2786752343177796
26,131.96153846153845,3431,184.13447926923078,9,366,0.003,0.10133404284715652,66600,-0.006328802555799484,-237.540283203125,2.0795128107070924
27,132.59259259259258,3580,187.59822859259262,9,383,0.003,0.09234099835157394,69580,-0.7904461026191711,-240.25204467773438,2.072273474931717
28,133.96428571428572,3751,192.07876289285718,9,401,0.003,0.08469139784574509,73000,0.21728335320949554,-235.78152465820312,7.934044271707535
29,134.3793103448276,3897,194.58634451724143,9,416,0.003,0.08661368489265442,75920,0.8396037817001343,-237.04278564453125,17.026172411441802
30,136.36666666666667,4091,198.70530083333338,9,438,0.003,0.09678637981414795,79800,0.16556671261787415,-234.593017578125,3.5960599184036255
31,138.51612903225808,4294,203.68313790322586,9,460,0.003,0.09281489998102188,83860,-0.11380237340927124,-234.53204345703125,1.4880939811468124
32,139.59375,4467,207.87450240624997,9,480,0.003,0.08177776634693146,87320,2.316847085952759,-235.16622924804688,2.4350924849510194
33,139.96969696969697,4619,210.57807087878786,9,497,0.003,0.08379697054624557,90360,-1.7326831817626953,-237.2694091796875,8.901329416036607
34,139.91176470588235,4757,211.88879926470585,9,511,0.003,0.07453341037034988,93120,-0.1323782205581665,-234.12351989746094,5.04481270313263
35,139.88571428571427,4896,213.90168339999997,9,526,0.003,0.08924379199743271,95900,1.4165120124816895,-236.5279998779297,2.146442621946335
36,140.94444444444446,5074,217.21490074999997,9,546,0.003,0.10654798895120621,99460,0.06667451560497284,-241.6812286376953,17.798169946670534
37,142.48648648648648,5272,213.51375437837837,9,568,0.003,0.09713779389858246,103420,-0.9195379614830017,-235.93316650390625,2.1946531534194946
38,143.26315789473685,5444,216.39910781578945,9,588,0.003,0.09343710541725159,106860,1.090274453163147,-241.67288208007812,3.6507771015167236
39,144.2051282051282,5624,219.15553507692306,9,608,0.003,0.10795461386442184,110460,-0.010904721915721893,-246.49014282226562,2.903235638141632
40,145.1,5804,221.95672209999998,9,628,0.003,0.11214212328195572,114060,-0.8561946153640747,-246.64405822753906,2.7153452038764954
41,145.390243902439,5961,223.7407508536585,9,644,0.003,0.1144486516714096,117200,-0.3245403468608856,-246.60858154296875,3.718877947330475
42,146.4047619047619,6149,226.52408954761904,9,665,0.003,0.11121412366628647,120960,0.29252752661705017,-250.96047973632812,7.5727978348731995
43,147.67441860465115,6350,229.51584655813954,9,687,0.003,0.11505363881587982,124980,-0.4057684540748596,-250.68421936035156,3.0802487969398498
44,148.3409090909091,6527,231.50518722727273,9,706,0.003,0.11363819986581802,128520,-0.2347184270620346,-250.70001220703125,5.7780064105987545
45,148.42222222222222,6679,232.75729139999999,9,723,0.003,0.11706036329269409,131560,-0.5253301858901978,-252.06826782226562,4.582394695281982
46,148.54347826086956,6833,233.98452760869563,9,740,0.003,0.12422871589660645,134640,0.21777087450027466,-250.45846557617188,3.3187798142433165
47,148.31914893617022,6971,234.78501910638295,9,755,0.003,0.11792463064193726,137400,0.8827868103981018,-249.07110595703125,3.4761342763900758
48,148.75,7140,236.5164013333333,9,773,0.003,0.10423605144023895,140780,-0.20194756984710693,-250.6592254638672,3.635471773147583
49,149.83673469387756,7342,238.79615859183673,9,794,0.003,0.09103349596261978,144820,-1.6979660987854004,-248.721923828125,3.8483299136161806
50,149.56,7478,239.1335324,9,809,0.003,0.07643452286720276,147540,0.2704527974128723,-247.02182006835938,3.468232995271683
51,149.07843137254903,7603,239.5090123137255,9,822,0.003,0.07001403719186783,150040,1.7836942672729492,-244.3032684326172,5.746925836801529
52,150.6153846153846,7832,241.95223467307693,9,846,0.003,0.0661100372672081,154620,-0.27091896533966064,-242.31060791015625,6.668958407640457
53,150.8490566037736,7995,243.11989741509436,9,864,0.003,0.061205290257930756,157880,1.0705395936965942,-237.2825927734375,5.851626259088516
54,151.1851851851852,8164,244.65426246296298,9,882,0.003,0.05807160958647728,161260,0.16222158074378967,-236.15835571289062,4.002651691436768
55,151.47272727272727,8331,246.15380505454547,9,900,0.003,0.05850524827837944,164600,0.16235992312431335,-233.64773559570312,1.5548942267894745
56,151.10714285714286,8462,246.82260289285713,9,914,0.003,0.06345629692077637,167220,1.848442792892456,-234.86572265625,2.2048385620117186
57,151.5438596491228,8638,248.67511798245613,9,933,0.003,0.05708387494087219,170740,-1.101348638534546,-238.1778564453125,3.5764647722244263
58,151.93103448275863,8812,250.09954065517243,9,952,0.003,0.05660778284072876,174220,0.5062918663024902,-240.44903564453125,1.3689556002616883
59,153.3050847457627,9045,252.8673105084746,9,977,0.003,0.06870558112859726,178880,0.5850608348846436,-241.0896759033203,2.877430111169815
60,153.16666666666666,9190,253.62071965,9,992,0.003,0.06866098940372467,181780,0.6580743789672852,-241.6450653076172,2.748136669397354
61,152.88524590163934,9326,253.89641873770492,9,1007,0.003,0.07258942723274231,184500,-0.04132750630378723,-243.27354431152344,2.7705127239227294
62,152.82258064516128,9475,254.63477527419357,9,1022,0.003,0.07988577336072922,187480,-0.6117644309997559,-246.88238525390625,3.4303118348121644
63,153.14285714285714,9648,255.77443093650794,9,1041,0.003,0.08832325786352158,190940,0.6371177434921265,-248.73031616210938,5.866900241374969
64,153.671875,9835,257.077937046875,9,1060,0.003,0.08640339225530624,194680,-0.8194196224212646,-252.52496337890625,2.7882660031318665
65,153.95384615384614,10007,257.6213174923077,9,1079,0.003,0.08015815168619156,198120,0.6131414175033569,-249.77261352539062,2.403990536928177
66,153.6969696969697,10144,257.5983412272727,9,1093,0.003,0.07490193098783493,200860,-0.8033086061477661,-248.1915283203125,2.359361696243286
67,153.32835820895522,10273,257.4254061044776,9,1107,0.003,0.05776170641183853,203440,-1.9170089960098267,-246.580810546875,3.1899670362472534
68,152.69117647058823,10383,256.7965273088235,9,1119,0.003,0.05766022950410843,205640,1.3926544189453125,-246.39324951171875,4.2708141028881075
69,153.0,10557,258.22486391304346,9,1137,0.003,0.06173969432711601,209120,-0.793375551700592,-243.366943359375,9.434898960590363
70,152.94285714285715,10706,259.2592311428571,9,1153,0.003,0.06003144755959511,212100,0.3343634605407715,-241.27825927734375,11.054701936244964
71,153.09859154929578,10870,260.29359607042255,9,1170,0.003,0.06944476068019867,215380,0.013764053583145142,-236.15505981445312,7.1789592742919925
72,152.55555555555554,10984,259.9023562916666,9,1182,0.003,0.07941197603940964,217660,-1.7993675470352173,-238.995849609375,5.24893434047699
73,151.84931506849315,11085,259.28902461643827,9,1193,0.003,0.08448178321123123,219680,-0.6009891629219055,-232.0013885498047,6.2030651569366455
74,152.82432432432432,11309,261.83958041891884,9,1216,0.003,0.1044529378414154,224160,-0.8223821520805359,-233.8080291748047,9.759912896156312
75,153.88,11541,264.67764786666663,9,1241,0.003,0.08419860899448395,228800,-0.8322311043739319,-235.19757080078125,3.1534285128116606
76,154.23684210526315,11722,265.92819976315786,9,1261,0.003,0.06303472071886063,232420,-1.1498929262161255,-230.52960205078125,4.204425185918808
77,154.7012987012987,11912,267.5707297142857,9,1281,0.003,0.05716334655880928,236220,0.8346348404884338,-230.4312744140625,5.161649256944656
78,154.87179487179486,12080,268.64576097435895,9,1299,0.003,0.05276006832718849,239580,2.8931236267089844,-228.19906616210938,3.4572238087654115
79,155.16455696202533,12258,270.2627352151899,9,1318,0.003,0.0542403869330883,243140,0.12780199944972992,-230.61404418945312,2.5025339245796205
80,155.5625,12445,271.7857553375,9,1338,0.003,0.05896848440170288,246880,1.1972426176071167,-231.76669311523438,4.713285821676254
81,155.45679012345678,12592,272.25075387654323,9,1354,0.003,0.060023292899131775,249820,-0.9093210697174072,-234.3621063232422,2.5775690913200378
82,155.41463414634146,12744,272.96614279268294,9,1370,0.003,0.05628545582294464,252860,-0.9162347316741943,-235.67689514160156,5.226770740747452
83,155.24096385542168,12885,273.03949601204823,9,1385,0.003,0.06648293882608414,255680,1.737565040588379,-238.40664672851562,2.865574651956558
84,154.67857142857142,12993,272.4318303333333,9,1397,0.003,0.06161091476678848,257840,0.38332316279411316,-239.91049194335938,4.337280440330505
85,154.12941176470588,13101,271.74273675294114,9,1408,0.003,0.06321654468774796,260000,1.1260664463043213,-238.42987060546875,7.68815848827362
86,153.45348837209303,13197,270.6542384186046,9,1419,0.003,0.06362295150756836,261920,-2.4459927082061768,-238.02642822265625,5.277305960655212
87,153.11494252873564,13321,270.3339322528736,9,1432,0.003,0.05848396569490433,264400,0.330262690782547,-233.31741333007812,2.8962647676467896
88,153.17045454545453,13479,270.4602290909091,9,1449,0.003,0.052668601274490356,267560,-0.4810211658477783,-228.41156005859375,4.236108559370041
89,153.47191011235955,13659,271.65798169662924,9,1468,0.003,0.05338814854621887,271160,-0.027699649333953857,-229.36529541015625,5.176334130764007
90,154.3111111111111,13888,273.4996500222222,9,1493,0.003,0.057856835424900055,275740,0.7621182799339294,-233.20440673828125,5.211777663230896
91,154.3956043956044,14050,274.12543236263735,9,1510,0.003,0.0651383101940155,278980,1.4099441766738892,-234.80343627929688,6.067829346656799
92,154.1304347826087,14180,273.2334433913044,9,1524,0.003,0.07304070889949799,281580,0.660633385181427,-235.80064392089844,4.401071548461914
93,154.21505376344086,14342,273.77506008602154,9,1541,0.003,0.08459340780973434,284820,1.0539538860321045,-241.99771118164062,7.927256035804748
94,153.79787234042553,14457,273.5148990744681,9,1553,0.003,0.08545289188623428,287120,-2.0495431423187256,-240.44903564453125,7.4438430070877075
95,153.7157894736842,14603,273.7527126105263,9,1568,0.003,0.06941001117229462,290040,0.7748705744743347,-237.13038635253906,3.3996050000190734
96,153.77083333333334,14762,274.0780103854167,9,1585,0.003,0.06735674291849136,293220,-0.47543779015541077,-240.4365997314453,2.7697064876556396
97,153.3298969072165,14873,273.6501288453608,9,1597,0.003,0.059015389531850815,295440,0.2569403350353241,-234.09130859375,3.1342568397521973
98,153.08163265306123,15002,273.3075503979592,9,1610,0.003,0.05293690040707588,298020,-1.3221266269683838,-230.85035705566406,4.152952754497528
99,152.97979797979798,15145,273.3625444040404,9,1626,0.003,0.04555261507630348,300880,-0.05796429514884949,-225.8505096435547,6.36499674320221
100,153.01,15301,273.65891313,9,1642,0.003,0.0432424321770668,304000,-0.6167923808097839,-223.80447387695312,2.6365619719028475
101,154.3,15450,276.55018377,9,1658,0.003,0.04546673595905304,306980,1.75880765914917,-224.52769470214844,4.191093277931214
102,155.58,15596,279.39237784,9,1674,0.003,0.047693464905023575,309900,-0.514024555683136,-221.4473876953125,2.977256786823273
103,156.92,15750,282.24421185,9,1690,0.003,0.048023153096437454,312980,1.391186237335205,-221.21047973632812,1.7085545420646668
104,157.87,15869,284.58995998,9,1703,0.003,0.05008444935083389,315360,-1.3560757637023926,-218.62353515625,3.702448782324791
105,159.25,16023,287.36411479,9,1719,0.003,0.04255709424614906,318440,1.031057357788086,-216.39801025390625,2.9624698758125305
106,160.04,16140,289.5536264,9,1731,0.003,0.04576288163661957,320780,-2.0526514053344727,-215.26622009277344,2.7826572120189668
107,160.05,16269,292.23680394999997,9,1745,0.003,0.05325222760438919,323360,-0.47407644987106323,-212.19749450683594,3.2918290734291076
108,159.65,16390,294.2290846799999,9,1757,0.003,0.0444611981511116,325780,1.5929627418518066,-208.3541259765625,3.595856189727783
109,160.9,16660,293.07560903999996,9,1786,0.003,0.05492750555276871,331180,-1.5927530527114868,-203.30267333984375,6.262757337093353
110,160.63,16856,293.4784873299999,9,1806,0.003,0.05948391184210777,335100,-0.7878289818763733,-216.04617309570312,5.698895525932312
111,161.43,17006,296.38725802,9,1822,0.003,0.06346626579761505,338100,-0.4244226813316345,-220.20352172851562,7.31341038942337
112,161.29,17149,296.72652711999996,9,1837,0.003,0.0792561024427414,340960,1.7820097208023071,-224.80712890625,6.071799397468567
113,159.17,17304,295.1233639,9,1853,0.003,0.08328177034854889,344060,0.30932462215423584,-224.0986328125,9.694985938072204
114,159.65,17437,298.21417663,9,1867,0.003,0.08368067443370819,346720,-1.9573752880096436,-221.77976989746094,5.82138729095459
115,160.26,17617,299.72117883,9,1886,0.003,0.06352968513965607,350320,-1.3878390789031982,-216.84341430664062,7.3142113327980045
116,159.38,17755,299.22223233999995,9,1900,0.003,0.05550664663314819,353080,-1.6811058521270752,-214.31488037109375,6.547009372711182
117,159.51,17917,299.70493209999995,9,1917,0.003,0.04670101776719093,356320,0.8851834535598755,-213.95523071289062,8.998263216018676
118,159.54,18066,299.81010191999997,9,1933,0.003,0.04812325909733772,359300,0.13951846957206726,-204.8962860107422,4.027589857578278
119,158.57,18267,299.12208673,9,1954,0.003,0.043535131961107254,363320,0.006603598594665527,-199.51373291015625,6.46084954738617
120,159.1,18459,300.29675509000003,9,1974,0.003,0.03668542206287384,367160,-0.4266453683376312,-198.78176879882812,3.5203834533691407
121,159.17,18643,301.10463161,9,1994,0.003,0.03930322080850601,370840,-0.33297860622406006,-197.2592315673828,5.526541936397552
122,159.37,18774,301.57195118000004,9,2008,0.003,0.04396858438849449,373460,-0.8287184238433838,-197.5873565673828,3.462211585044861
123,159.86,18954,302.55880047,9,2027,0.003,0.047448575496673584,377060,2.304293155670166,-200.88296508789062,4.406962752342224
124,160.0,19105,302.98138678,9,2043,0.003,0.0437467135488987,380080,-1.081505298614502,-198.56472778320312,5.084370827674865
125,160.04,19275,303.73853534,9,2061,0.003,0.043963946402072906,383480,0.6416445374488831,-196.47634887695312,7.757648849487305
126,159.83,19414,303.80333571,9,2075,0.003,0.04341116175055504,386260,1.504562258720398,-198.2728271484375,3.396613883972168
127,160.09,19589,304.69673407,9,2094,0.003,0.041580572724342346,389760,-1.4186750650405884,-201.66799926757812,3.3080743551254272
128,160.26,19777,305.74268025000003,9,2114,0.003,0.04101388528943062,393520,1.0740119218826294,-205.1670684814453,3.3109867691993715
129,160.31,19928,306.14741538,9,2131,0.003,0.045393310487270355,396540,2.5168676376342773,-205.03091430664062,3.7589203834533693
130,159.76,20067,306.01546328000006,9,2146,0.003,0.046594299376010895,399320,1.3712537288665771,-209.3619842529297,5.22193614244461
131,159.03,20197,305.14496576,9,2159,0.003,0.0555395670235157,401920,1.013541579246521,-212.88555908203125,6.314859831333161
132,158.6,20327,304.44671381,9,2173,0.003,0.06073009967803955,404520,-1.1901676654815674,-216.44821166992188,5.542482399940491
133,158.73,20492,304.74106706000003,9,2190,0.003,0.05222586914896965,407820,0.30155521631240845,-216.7811737060547,15.434701204299927
134,159.13,20670,305.68028507,9,2209,0.003,0.04365553706884384,411380,0.23066091537475586,-215.01148986816406,3.5072789907455446
135,159.45,20841,306.62656551000003,9,2228,0.003,0.040681298822164536,414800,-0.2110840082168579,-213.15472412109375,3.6163422107696532
136,159.11,20985,306.62926764,9,2243,0.003,0.04102133959531784,417680,2.792720317840576,-213.658447265625,3.332963705062866
137,158.84,21156,309.62631581,9,2261,0.003,0.04438644275069237,421100,0.5510547161102295,-215.58460998535156,5.723678553104401
138,158.39,21283,309.32276217000003,9,2274,0.003,0.04806866496801376,423640,-0.8791399598121643,-218.34075927734375,7.789231777191162
139,157.93,21417,309.12118818000005,9,2288,0.003,0.0512053407728672,426320,0.045345574617385864,-220.87892150878906,6.674199426174164
140,157.77,21581,309.15900457000004,9,2306,0.003,0.05398308113217354,429600,0.9597154855728149,-223.68478393554688,5.563853025436401
141,157.24,21685,308.17868285000003,9,2317,0.003,0.05657338351011276,431680,1.3021016120910645,-222.4897003173828,7.177135384082794
142,156.88,21837,308.11311885,9,2333,0.003,0.05620383098721504,434720,-0.673120379447937,-223.08560180664062,6.957054579257965
143,156.46,21996,308.23272122000003,9,2350,0.003,0.05886964872479439,437900,-0.5824120044708252,-219.72679138183594,8.267557621002197
144,156.72,22199,309.04931374999995,9,2372,0.003,0.05961623787879944,441960,1.0842132568359375,-220.3815460205078,4.800411701202393
145,156.68,22347,309.50775516,9,2387,0.003,0.06401165574789047,444920,-0.789669394493103,-214.7326202392578,8.468337559700013
146,156.72,22505,310.00727252,9,2404,0.003,0.06380829960107803,448080,1.2362890243530273,-218.47750854492188,7.703689908981323
147,157.33,22704,311.56284944000004,9,2425,0.003,0.06813275068998337,452060,-0.00879630446434021,-215.72914123535156,4.940472710132599
148,157.03,22843,311.52948618000005,9,2440,0.003,0.06364669650793076,454840,-0.6256690621376038,-210.22552490234375,5.817997789382934
149,157.8,23122,313.60304733,9,2469,0.003,0.05965879559516907,460420,0.8380352854728699,-203.3551025390625,4.033329010009766
150,159.28,23406,315.95177809000006,9,2500,0.003,0.054105427116155624,466100,0.4378856122493744,-200.86813354492188,4.097331833839417
151,160.07,23610,317.59558627,9,2522,0.003,0.05670657008886337,470180,2.0888166427612305,-204.51702880859375,3.8936864614486693
152,159.75,23807,317.94470407000006,9,2543,0.003,0.06638633459806442,474120,-1.5323539972305298,-209.96792602539062,5.047239458560943
153,160.14,24009,319.14817819,9,2564,0.003,0.07043162733316422,478160,-0.135270893573761,-211.02096557617188,4.738643622398376
154,160.49,24213,320.3548773300001,9,2586,0.003,0.06733863055706024,482240,-1.3441767692565918,-217.10784912109375,4.15807546377182
155,160.58,24389,321.13917894,9,2605,0.003,0.060539424419403076,485760,-0.4543774425983429,-218.2692413330078,5.535104787349701
156,161.13,24575,322.38836828,9,2625,0.003,0.05180403217673302,489480,-1.7254557609558105,-221.50440979003906,3.7213163495063784
157,161.11,24749,322.68098840000005,9,2643,0.003,0.05117753893136978,492960,0.40086138248443604,-218.4653778076172,4.633792418241501
158,161.11,24923,323.17500618,9,2662,0.003,0.04928777739405632,496440,-0.16378866136074066,-219.64491271972656,7.392669594287872
159,160.42,25087,322.75504233,9,2679,0.003,0.052851006388664246,499720,0.5042839050292969,-214.87167358398438,4.005896484851837
160,160.51,25241,323.39714374,9,2696,0.003,0.05039075016975403,502800,0.26546066999435425,-220.66912841796875,3.844934582710266
161,160.77,25403,324.25681725000004,9,2714,0.003,0.05209646001458168,506040,-1.4995739459991455,-216.36288452148438,3.5500317811965942
162,160.76,25551,324.75224725,9,2730,0.003,0.049897272139787674,509000,0.00043380260467529297,-216.80572509765625,7.5709670901298525
163,160.9,25738,325.62850189999995,9,2750,0.003,0.04868614301085472,512740,2.1300928592681885,-216.5919189453125,3.3820008754730226
164,160.51,25886,325.59134597,9,2766,0.003,0.05095116049051285,515700,-1.033215045928955,-213.142578125,3.0713148951530456
165,160.13,26020,325.93540404000004,9,2780,0.003,0.0492611825466156,518380,0.746878981590271,-216.66831970214844,5.181464803218842
166,160.58,26202,327.37201211,9,2800,0.003,0.04926549270749092,522020,0.5771257877349854,-209.54888916015625,3.7537015080451965
167,161.01,26374,328.64380026000003,9,2818,0.003,0.04699401929974556,525460,-0.5267602205276489,-209.16552734375,4.990089875459671
168,161.46,26529,330.07542541000004,9,2834,0.003,0.04777628555893898,528560,0.46681320667266846,-211.5774688720703,2.8106503665447233
169,161.34,26691,330.0608251400001,9,2852,0.003,0.046962130814790726,531800,-0.6609506607055664,-207.6119842529297,2.995497453212738
170,161.48,26854,330.4693221300001,9,2869,0.003,0.04838338494300842,535060,0.5112342238426208,-207.13446044921875,11.783117055892944
171,161.64,27034,331.19149232,9,2888,0.003,0.04967675358057022,538660,-1.1212445497512817,-205.80845642089844,4.997257965803146
172,162.01,27185,332.41529227000007,9,2904,0.003,0.0511045902967453,541680,-1.2550537586212158,-204.72540283203125,2.9441158354282377
173,162.35,27320,333.20292503999997,9,2918,0.003,0.047450270503759384,544380,0.41014328598976135,-206.80335998535156,7.297569614648819
174,161.87,27496,332.72250666,9,2937,0.003,0.04727572575211525,547900,-0.004376918077468872,-208.2966766357422,2.922707313299179
175,160.97,27638,331.24008865,9,2952,0.003,0.048305630683898926,550740,-0.12404975295066833,-206.6075897216797,6.648929166793823
176,160.65,27787,331.17938328,9,2967,0.003,0.05015719681978226,553720,1.852367877960205,-209.0985107421875,4.524831116199493
177,159.99,27911,330.0253322600001,9,2981,0.003,0.05614108592271805,556200,0.5804963707923889,-207.05540466308594,2.975550949573517
178,159.99,28079,330.3845439,9,2998,0.003,0.0537709966301918,559560,0.5479027032852173,-210.65447998046875,3.6516041576862337
179,159.82,28240,329.80823698000006,9,3015,0.003,0.04706178605556488,562780,-0.11216223239898682,-208.0608673095703,3.275123435258865
180,159.45,28390,329.11881330000006,9,3031,0.003,0.043891556560993195,565780,-0.4594641327857971,-209.2490234375,3.214623934030533
181,159.59,28551,329.46494558,9,3048,0.003,0.043803565204143524,569000,-0.8647444844245911,-207.04489135742188,2.9894003033638
182,159.74,28718,329.9797095800001,9,3065,0.003,0.04475002735853195,572340,-0.22431296110153198,-204.40283203125,2.812401568889618
183,159.86,28871,330.59029205999997,9,3082,0.003,0.04450557008385658,575400,-1.605737328529358,-204.58612060546875,3.1857409477233887
184,160.37,29030,331.7360774,9,3098,0.003,0.0464119091629982,578580,-0.03921285271644592,-205.6315155029297,3.7724317073822022
185,160.24,29125,331.53471617,9,3108,0.003,0.04448455572128296,580480,1.0910117626190186,-209.37051391601562,4.373595440387726
186,160.92,29289,333.30487967,9,3126,0.003,0.05159120261669159,583760,0.4510267972946167,-207.62448120117188,3.006393790245056
187,161.28,29449,334.41964017,9,3143,0.003,0.04859297722578049,586960,-2.633939743041992,-204.67092895507812,3.5664564311504363
188,160.91,29570,334.55878822000005,9,3156,0.003,0.04426462575793266,589380,-1.41124427318573,-203.6942596435547,3.4596633553504943
189,160.84,29743,333.99063488,9,3174,0.003,0.040206924080848694,592840,1.0512844324111938,-202.58676147460938,3.6633334934711455
190,160.65,29953,334.0773095100001,9,3197,0.003,0.04434538260102272,597040,-0.6379967927932739,-200.6823272705078,3.8037822365760805
191,160.74,30124,334.68435502,9,3215,0.003,0.045753154903650284,600460,-0.6220194101333618,-201.89125061035156,2.9157938957214355
192,160.88,30268,336.19134006,9,3230,0.003,0.04560746252536774,603340,1.1562020778656006,-200.44512939453125,3.770218551158905
193,160.84,30426,336.62644238999997,9,3246,0.003,0.04804950952529907,606500,1.9447369575500488,-199.803466796875,4.474573922157288
194,161.39,30596,337.83997241,9,3264,0.003,0.053325265645980835,609900,-0.7268809676170349,-203.13180541992188,4.330940616130829
195,161.72,30775,338.60019825,9,3283,0.003,0.051764387637376785,613480,-1.176870584487915,-199.31143188476562,3.8989766478538512
196,161.55,30917,338.85672501999994,9,3299,0.003,0.043017398566007614,616320,-0.3693608045578003,-198.30780029296875,2.419256663322449
197,162.18,31091,340.43997349999995,9,3318,0.003,0.0437697097659111,619800,0.40816330909729004,-194.33981323242188,2.512271320819855
198,162.8,31282,342.18771491000007,9,3338,0.003,0.041604772210121155,623620,1.448533535003662,-195.86082458496094,2.7462658047676087
199,162.83,31428,342.45865038999995,9,3353,0.003,0.04439888894557953,626540,-0.2988114356994629,-195.05479431152344,3.1231886744499207
200,162.9,31591,343.1283276700001,9,3371,0.003,0.044694457203149796,629800,0.08740955591201782,-199.82696533203125,4.10069550871849
201,163.13,31763,344.03294372,9,3389,0.003,0.04480351507663727,633240,0.02785670757293701,-198.773681640625,2.5382531881332397
202,162.99,31895,344.05693503000003,9,3403,0.003,0.04320131614804268,635880,-1.8452742099761963,-199.28443908691406,2.9909552454948427
203,162.94,32044,344.36352928,9,3418,0.003,0.041820310056209564,638860,-1.330559253692627,-195.86000061035156,4.587893187999725
204,163.18,32187,345.32365386999993,9,3433,0.003,0.038488347083330154,641720,0.044865429401397705,-194.22994995117188,2.7355219066143035
205,162.94,32317,345.39203198999996,9,3447,0.003,0.038784418255090714,644320,0.7556734681129456,-193.50942993164062,3.0265274941921234
206,163.1,32450,346.18208996,9,3461,0.003,0.040863554924726486,646980,-3.035679340362549,-195.2205810546875,3.05863596200943
207,163.72,32641,347.74297533,9,3482,0.003,0.03735171630978584,650800,-0.14548420906066895,-196.34674072265625,2.7685705065727233
208,163.82,32772,348.2441538400001,9,3496,0.003,0.038635265082120895,653420,1.4557245969772339,-196.4492950439453,2.7723213970661162
209,162.53,32913,349.96540023,9,3511,0.003,0.04308954253792763,656240,1.0416158437728882,-195.36717224121094,5.347673946619034
210,161.99,33055,349.58224617,9,3526,0.003,0.04481527581810951,659080,-0.9876912236213684,-191.98818969726562,3.7137677490711214
211,161.84,33190,349.48397301,9,3540,0.003,0.040418874472379684,661780,-0.23713380098342896,-194.82801818847656,3.220834565162659
212,162.2,33369,350.19195314999996,9,3559,0.003,0.04744650423526764,665360,0.8642895817756653,-193.6353302001953,4.203757035732269
213,162.47,33551,351.24578922,9,3578,0.003,0.0586220882833004,669000,-1.360351800918579,-193.89663696289062,4.463464438915253
214,163.15,33752,352.49226961999995,9,3599,0.003,0.05549231544137001,673020,-0.06064736843109131,-196.32101440429688,3.5851091623306273
215,163.07,33924,352.37073576999995,9,3618,0.003,0.05174427479505539,676460,-1.1116197109222412,-193.28680419921875,3.501543164253235
216,163.47,34102,353.4544611399999,9,3637,0.003,0.0464913584291935,680020,-1.8259168863296509,-191.91839599609375,3.9341482520103455
217,163.46,34263,354.0681283799999,9,3653,0.003,0.044011276215314865,683240,-0.36261942982673645,-187.06654357910156,3.088744878768921
218,163.97,34463,355.61260209,9,3675,0.003,0.04468456655740738,687240,0.6054613590240479,-182.7959442138672,3.3273290276527403
219,163.8,34647,356.2528741500001,9,3694,0.003,0.04077854007482529,690920,0.9736341834068298,-181.18911743164062,2.6448031425476075
220,163.82,34841,356.40345705000004,9,3714,0.003,0.042487554252147675,694800,0.45785748958587646,-183.62310791015625,2.518458527326584
221,163.74,35017,356.6811266000001,9,3733,0.003,0.042797915637493134,698320,-0.4436012804508209,-180.0557861328125,2.527956318855286
222,164.5,35224,358.28137298,9,3755,0.003,0.04389607906341553,702460,-0.8628543615341187,-182.88882446289062,2.4697422862052916
223,164.41,35395,358.58198641999996,9,3773,0.003,0.03880252689123154,705880,0.6629071831703186,-181.068603515625,2.2771839618682863
224,164.5,35555,359.34111040999994,9,3790,0.003,0.04033008590340614,709080,0.6904864311218262,-183.927734375,2.4030737042427064
225,164.3,35705,355.9483600499999,9,3806,0.003,0.04336468130350113,712080,-1.3120977878570557,-182.57472229003906,3.037378031015396
226,164.61,35875,356.6964011399999,9,3824,0.003,0.0454573929309845,715480,-1.2451300621032715,-185.26776123046875,2.8272278726100923
227,164.5,36039,356.59952522,9,3841,0.003,0.04465877264738083,718760,-0.6651962995529175,-180.24900817871094,3.1187221884727476
228,164.12,36189,355.9297005299999,9,3857,0.003,0.04330472648143768,721760,-2.4019455909729004,-184.39187622070312,3.4856297791004183
229,164.67,36395,357.22667455999994,9,3879,0.003,0.04516664892435074,725880,-2.972537040710449,-185.9029083251953,2.934810775518417
230,165.41,36608,357.7307063699999,9,3902,0.003,0.04449300095438957,730140,-1.0501248836517334,-181.13690185546875,2.586145740747452
231,165.86,36783,359.11677078,9,3921,0.003,0.047520678490400314,733640,-0.8304444551467896,-185.35324096679688,2.7391965210437776
232,166.07,36934,360.07959494999994,9,3937,0.003,0.04426884651184082,736660,0.1355750560760498,-183.09228515625,3.2091105401515962
233,166.06,37098,360.64436499,9,3954,0.003,0.047799188643693924,739940,-0.67588871717453,-185.11265563964844,3.0102398872375487
234,165.69,37239,360.4313971,9,3970,0.003,0.0434274859726429,742760,-0.46231356263160706,-184.3597869873047,2.751041293144226
235,165.7,37411,360.65216606999996,9,3988,0.003,0.04436784237623215,746200,3.5225844383239746,-177.01666259765625,3.1986613631248475
236,165.79,37564,360.86069428,9,4005,0.003,0.044797297567129135,749260,1.9766701459884644,-183.13612365722656,2.5949582695960998
237,165.54,37710,360.40719371000006,9,4020,0.003,0.0439130999147892,752180,0.6552939414978027,-184.15682983398438,2.5578915655612944
238,165.69,37852,360.88637582,9,4036,0.003,0.03950071707367897,755020,1.6086111068725586,-181.9193878173828,3.401704156398773
239,165.75,37992,361.24076465999997,9,4051,0.003,0.035194769501686096,757820,-0.11956170201301575,-179.06521606445312,2.350268322229385
240,165.86,38167,361.87360847,9,4069,0.003,0.038156937807798386,761320,-0.17184311151504517,-179.99081420898438,2.4473960638046264
241,166.61,38346,363.96064387999996,9,4089,0.003,0.03799450397491455,764900,-0.5004335641860962,-178.75350952148438,2.4870968401432036
242,166.72,38509,364.3495392699999,9,4106,0.003,0.0396883450448513,768160,-2.20953106880188,-178.90618896484375,2.4577638030052187
243,166.78,38674,364.5648869599999,9,4124,0.003,0.04017091542482376,771460,-1.4396295547485352,-180.80044555664062,2.7357050716876983
244,166.45,38844,364.54671564999995,9,4142,0.003,0.04700756445527077,774860,-0.11441075801849365,-181.99159240722656,2.6837562203407286
245,166.69,39016,365.15845171,9,4160,0.003,0.051035888493061066,778300,-0.5163776874542236,-178.89683532714844,2.9713174521923067
246,166.8,39185,365.5623937,9,4178,0.003,0.04621068388223648,781680,2.149179458618164,-179.150390625,2.57533882856369
247,166.58,39362,365.25783906000004,9,4197,0.003,0.04280168190598488,785220,-0.4964100122451782,-178.0303192138672,2.2194189727306366
248,166.8,39523,365.97639639,9,4215,0.003,0.035410795360803604,788440,-0.1835009753704071,-176.16128540039062,2.341675227880478
249,165.63,39685,364.1865045300001,9,4232,0.003,0.033424198627471924,791680,2.0933423042297363,-172.18948364257812,2.480781948566437
250,164.3,39836,362.78140593000006,9,4248,0.003,0.03455705568194389,794700,1.4488883018493652,-175.31214904785156,2.403665488958359
251,163.92,40002,362.58589121000006,9,4265,0.003,0.040585339069366455,798020,1.6127897500991821,-171.73220825195312,2.877198714017868
252,162.6,40067,358.47454566,9,4272,0.003,0.07303114980459213,799320,10.97099494934082,-185.06875610351562,9.875638365745544
253,161.16,40125,354.19923693,9,4278,0.003,0.10841445624828339,800480,1.4268091917037964,-195.63632202148438,8.587904500961304
254,161.14,40327,350.78775647,9,4300,0.003,0.09246635437011719,804520,-1.2224137783050537,-186.87753295898438,5.716566324234009
255,163.16,40705,352.55161153,9,4340,0.003,0.05926035717129707,812080,-0.5807693600654602,-179.6324005126953,3.5830115556716917
256,163.3,40905,352.7735464400001,9,4361,0.003,0.04694382846355438,816080,-1.753859519958496,-174.984130859375,3.824312824010849
257,163.64,41113,353.36650004,9,4384,0.003,0.04191896691918373,820240,0.6332591772079468,-172.0314483642578,2.8936700880527497
258,163.78,41301,353.6380043900001,9,4404,0.003,0.04324239119887352,824000,0.7589524984359741,-174.21463012695312,2.854803043603897
259,164.12,41499,354.2877063200001,9,4425,0.003,0.039886556565761566,827960,2.950300693511963,-169.6280517578125,2.8712877929210663
260,164.53,41694,354.9108092000001,9,4445,0.003,0.04323693737387657,831860,-0.3655898869037628,-179.46148681640625,3.067766064405441
261,164.96,41899,355.69266686000003,9,4467,0.003,0.04198684170842171,835960,-1.2896318435668945,-175.14212036132812,2.9210142731666564
262,165.01,42052,355.88695252,9,4484,0.003,0.04155473783612251,839020,0.8934261798858643,-172.5270233154297,2.6012188315391542
263,165.07,42245,355.9421791900001,9,4504,0.003,0.04462752118706703,842880,0.15242935717105865,-178.0389404296875,3.9478548049926756
264,165.54,42440,356.86863637000005,9,4525,0.003,0.04744954779744148,846780,4.22934103012085,-175.79513549804688,3.071554088592529
265,165.9,42610,357.59646262999996,9,4543,0.003,0.04539712145924568,850180,0.8082883358001709,-176.57843017578125,2.871459448337555
266,165.64,42766,357.31215111999995,9,4560,0.003,0.04432288929820061,853300,-0.8681795001029968,-175.02752685546875,3.328399181365967
267,166.1,42984,358.0063372900001,9,4583,0.003,0.04339831694960594,857660,1.4143887758255005,-176.25015258789062,2.91562215089798
268,166.38,43167,358.47228669000003,9,4602,0.003,0.04776105657219887,861320,1.2216968536376953,-178.53189086914062,2.661383259296417
269,166.46,43337,358.78828351000004,9,4619,0.003,0.04619294032454491,864720,-1.1158452033996582,-174.06918334960938,3.866942119598389
270,166.52,43506,358.8504163299999,9,4638,0.003,0.041770804673433304,868100,-0.05412246286869049,-174.02476501464844,3.1102640509605406
271,166.38,43672,358.47657526999996,9,4655,0.003,0.043592121452093124,871420,0.02172274887561798,-173.888427734375,2.8572625696659086
272,166.47,43832,358.49585142,9,4672,0.003,0.04066350311040878,874620,0.6787508726119995,-177.40896606445312,2.9002176403999327
273,166.62,43982,359.1465822900001,9,4688,0.003,0.04477250576019287,877620,1.5840940475463867,-178.41915893554688,2.58938729763031
274,166.83,44179,359.2929431300001,9,4708,0.003,0.0393906831741333,881560,1.826235294342041,-174.11949157714844,3.2741833329200745
275,166.9,44328,359.32451363000007,9,4724,0.003,0.03977386653423309,884540,-1.3217920064926147,-170.35708618164062,2.518156260251999
276,167.1,44497,359.67051092,9,4742,0.003,0.0408037044107914,887920,-0.9006050825119019,-170.5457305908203,2.4309585988521576
277,167.28,44639,360.2970931600001,9,4757,0.003,0.042083244770765305,890760,-0.8175799250602722,-167.8487548828125,3.1600629508495333
278,167.08,44787,359.8302003800001,9,4773,0.003,0.04432922974228859,893720,-1.0246202945709229,-168.53604125976562,2.567078787088394
279,167.06,44946,360.15429851,9,4790,0.003,0.043778423219919205,896900,0.5542518496513367,-166.95745849609375,3.024411642551422
280,166.38,45028,357.08781095000006,9,4799,0.003,0.0786910280585289,898540,4.421415328979492,-174.65126037597656,6.218563413619995
281,167.69,45320,356.86845907,9,4831,0.003,0.08059607446193695,904380,-0.210993230342865,-171.5620880126953,4.611888885498047
282,175.26,46244,362.46440624999997,9,4931,0.003,0.1271713227033615,922860,1.2242462635040283,-188.58802795410156,7.751693296432495
283,177.79,46650,365.92439149999996,9,4975,0.003,0.13637188076972961,930980,-0.02472779154777527,-167.46234130859375,8.173622965812683
284,181.35,47165,370.32743529,9,5029,0.003,0.1501356065273285,941280,0.49936020374298096,-177.37905883789062,10.927798795700074
285,188.59,47984,379.84441939000004,9,5117,0.003,0.10229209065437317,957660,0.27921199798583984,-148.82215881347656,6.947369909286499
286,189.1,48199,380.18135543000005,9,5139,0.003,0.09920442849397659,961960,-0.34829461574554443,-141.90093994140625,6.126003861427307
287,189.91,48440,381.11175793,9,5165,0.003,0.07540008425712585,966780,0.7707831263542175,-137.7593994140625,3.8466607570648192
288,190.67,48637,382.07072951999993,9,5185,0.003,0.05657646059989929,970720,-0.32771050930023193,-138.690185546875,2.9544295012950896
289,191.37,48880,383.5119674400001,9,5211,0.003,0.05376937985420227,975580,-1.7908105850219727,-142.11419677734375,3.2059534311294557
290,191.26,49079,383.20230023000005,9,5232,0.003,0.04769328609108925,979560,-1.155044436454773,-144.44850158691406,3.114092934131622
291,191.58,49282,383.58461717,9,5253,0.003,0.055961549282073975,983620,-0.5842490196228027,-150.60247802734375,2.8083069741725923
292,192.7,49538,385.07241804,9,5280,0.003,0.05071856081485748,988740,-0.20138674974441528,-148.01248168945312,2.736530029773712
293,193.52,49778,386.17827497999997,9,5305,0.003,0.053927406668663025,993540,-1.1130342483520508,-159.05831909179688,3.1967418909072878
294,193.87,49983,386.97692954999997,9,5326,0.003,0.05099501833319664,997640,-0.05957818031311035,-152.4125213623047,2.7136657297611237
295,193.91,50166,387.37702138000003,9,5346,0.003,0.0492267943918705,1001300,-1.6786503791809082,-159.264404296875,2.4987579584121704
296,194.89,50406,389.12031721999995,9,5371,0.003,0.046753764152526855,1006100,0.3298775553703308,-153.82772827148438,2.29344801902771
297,195.49,50640,389.98719073,9,5395,0.003,0.04331270977854729,1010780,1.9873920679092407,-159.41259765625,2.4129211843013763
298,195.53,50835,390.07249194,9,5416,0.003,0.04257535934448242,1014680,2.367271661758423,-157.028564453125,2.310978817939758
299,195.95,51023,391.2589523000001,9,5435,0.003,0.044615425169467926,1018440,-0.8554879426956177,-157.8218994140625,2.5291232049465178
300,196.29,51220,391.84116978000003,9,5456,0.003,0.04644826054573059,1022380,-0.7634990215301514,-157.6593017578125,2.2544389009475707
301,196.7,51433,392.4963956,9,5479,0.003,0.04224511608481407,1026640,-0.6078064441680908,-155.973388671875,2.1971887350082397
302,197.2,51615,393.78168462,9,5498,0.003,0.04030508175492287,1030280,1.4883283376693726,-161.37884521484375,1.9330599069595338
303,197.78,51822,394.96402884,9,5520,0.003,0.03857732191681862,1034420,-0.6733026504516602,-158.75762939453125,2.211689203977585
304,198.44,52031,396.1255057200001,9,5542,0.003,0.039627231657505035,1038600,0.924101710319519,-157.88970947265625,2.8933026671409605
305,198.84,52201,397.35748619000003,9,5560,0.003,0.04074620082974434,1042000,0.1968369483947754,-160.06430053710938,2.7095121085643767
306,199.29,52379,398.56771102,9,5578,0.003,0.04529905691742897,1045560,-0.06108522415161133,-159.86602783203125,2.7961952149868012
307,199.33,52574,398.84620893000005,9,5599,0.003,0.056310221552848816,1049460,0.5273000001907349,-157.48382568359375,3.6706881642341616
308,205.49,53321,405.71402895000006,9,5679,0.003,0.03925543278455734,1064400,-0.9006320834159851,-161.03976440429688,2.0963397681713105
309,206.22,53535,407.1475837300001,9,5702,0.003,0.04204593598842621,1068680,-0.6537941098213196,-159.2476348876953,2.017470669746399
310,206.65,53720,407.99745356000017,9,5722,0.003,0.037889011204242706,1072380,-1.582414150238037,-160.28997802734375,2.2663281738758085
311,206.78,53868,408.45465048000005,9,5737,0.003,0.0397370308637619,1075340,0.5336247682571411,-164.24012756347656,2.308350849151611
312,206.66,54035,408.6258991,9,5756,0.003,0.041923943907022476,1078680,-1.238324522972107,-165.4065399169922,2.33563352227211
313,206.93,54244,408.93638366000005,9,5778,0.003,0.042044635862112045,1082860,-1.0419402122497559,-165.62127685546875,2.292408436536789
314,206.64,54416,408.79938934,9,5796,0.003,0.04282182827591896,1086300,-1.9738729000091553,-163.89010620117188,2.889040243625641
315,206.98,54622,409.88266991000006,9,5818,0.003,0.04389731213450432,1090420,-0.8334091305732727,-160.93783569335938,2.074645680189133
316,206.77,54779,409.91605038,9,5835,0.003,0.04089987277984619,1093560,0.6014958024024963,-156.6235809326172,2.0357449531555174
317,206.72,54935,409.99106021999995,9,5852,0.003,0.03893091902136803,1096680,-0.048022568225860596,-163.13656616210938,1.9451007485389709
318,206.6,55123,409.9102570300001,9,5873,0.003,0.037531062960624695,1100440,-1.7700905799865723,-162.81204223632812,2.233031541109085
319,206.57,55304,409.95821460999997,9,5893,0.003,0.040535859763622284,1104060,1.1037907600402832,-160.17919921875,2.3026668310165403
320,206.63,55504,410.6193984100001,9,5914,0.003,0.04071522131562233,1108060,-2.94115948677063,-163.3712158203125,2.272890591621399
321,206.66,55683,410.74368286,9,5933,0.003,0.03837600722908974,1111640,1.4723519086837769,-167.84100341796875,2.834019696712494
322,206.72,55896,411.17685113000005,9,5956,0.003,0.04105466231703758,1115900,-0.843279242515564,-163.8954315185547,2.0510968804359435
323,207.1,56105,412.04061792,9,5979,0.003,0.041600339114665985,1120080,-2.2294678688049316,-172.66574096679688,2.4084056854248046
324,207.42,56297,412.54665495,9,6000,0.003,0.04007270559668541,1123920,-2.0728650093078613,-169.7344970703125,2.747362548112869
325,207.67,56472,416.24244865000003,9,6019,0.003,0.04005943611264229,1127420,-1.3957380056381226,-170.34579467773438,2.1384958624839783
326,207.82,56657,416.45385754999995,9,6038,0.003,0.042664799839258194,1131120,-2.016408681869507,-166.74395751953125,2.493379920721054
327,207.96,56835,417.08798918,9,6057,0.003,0.04126222804188728,1134680,-0.2857924699783325,-167.80667114257812,2.3751844823360444
328,208.33,57022,417.80711401,9,6077,0.003,0.03689582645893097,1138420,-0.8159397840499878,-168.3135528564453,2.864202880859375
329,207.93,57188,417.46801027000004,9,6095,0.003,0.037624552845954895,1141740,1.081403136253357,-169.96812438964844,2.270797348022461
330,207.5,57358,418.01443769,9,6113,0.003,0.039850302040576935,1145140,1.736878514289856,-166.59210205078125,2.4234859943389893
331,207.38,57521,417.98324402000003,9,6130,0.003,0.03702046722173691,1148400,0.018258631229400635,-167.16018676757812,2.099534183740616
332,207.43,57677,418.04835873000013,9,6147,0.003,0.03968391567468643,1151520,-2.3483777046203613,-166.59149169921875,2.7344605803489683
333,207.59,57857,418.12392492000004,9,6166,0.003,0.040914036333560944,1155120,0.3669518828392029,-167.62216186523438,2.3786041855812075
334,207.85,58024,418.76111406,9,6184,0.003,0.038869522511959076,1158460,0.8248591423034668,-165.39108276367188,2.112111324071884
335,208.24,58235,419.1851928100001,9,6207,0.003,0.039155855774879456,1162680,0.3257710933685303,-162.91563415527344,2.1059549868106844
336,208.25,58389,419.37136465,9,6223,0.003,0.037598371505737305,1165760,-0.18476498126983643,-165.7681884765625,1.8573054254055024
337,208.44,58554,419.88414886,9,6240,0.003,0.03536795824766159,1169060,-0.08712117373943329,-166.7707977294922,1.6629375219345093
338,208.62,58714,420.12768107000005,9,6257,0.003,0.03518243879079819,1172260,1.6817145347595215,-168.31546020507812,2.063937711715698
339,209.24,58916,420.9926028000001,9,6279,0.003,0.03681359812617302,1176300,1.5228979587554932,-164.92532348632812,1.7655439794063568
340,209.28,59095,421.2142161400001,9,6299,0.003,0.037789683789014816,1179880,2.1901488304138184,-165.76446533203125,1.8431969463825226
341,209.15,59261,421.1690965500001,9,6317,0.003,0.03721575811505318,1183200,-0.7112937569618225,-166.75192260742188,1.9158627390861511
342,209.21,59430,421.51954150000006,9,6335,0.003,0.03726651892066002,1186580,-2.065941095352173,-164.95016479492188,2.5948048532009125
343,209.34,59608,421.6640487700001,9,6354,0.003,0.03613422065973282,1190140,-1.2367013692855835,-166.17044067382812,1.8044220507144928
344,209.53,59797,421.94492767,9,6375,0.003,0.03545590862631798,1193920,0.585826575756073,-167.24688720703125,1.9547053456306458
345,209.41,59957,421.9076828,9,6392,0.003,0.03758465498685837,1197120,-1.0226645469665527,-167.52301025390625,1.9186460733413697
346,209.33,60118,422.05821696,9,6409,0.003,0.03744380548596382,1200340,-0.46890661120414734,-166.61495971679688,1.8796964764595032
347,209.47,60309,422.40437870999995,9,6430,0.003,0.03945577144622803,1204160,-0.4764290153980255,-168.61923217773438,2.2762088060379027
348,209.74,60497,422.76433474,9,6450,0.003,0.03937183693051338,1207920,-2.3755664825439453,-164.10626220703125,2.1079148769378664
349,210.14,60699,423.40568724999997,9,6471,0.003,0.03908231481909752,1211960,0.3749631941318512,-164.40109252929688,1.941086483001709
350,210.24,60860,423.68908701999993,9,6488,0.003,0.04091601446270943,1215180,1.8672398328781128,-168.43931579589844,1.6132091760635376
351,210.42,61044,423.92347484000004,9,6508,0.003,0.03983428701758385,1218860,-0.11861962080001831,-164.7270965576172,2.079900699853897
352,211.65,61232,428.44166521000005,9,6528,0.003,0.03650537133216858,1222620,0.6309707760810852,-165.7145233154297,1.6495545387268067
353,213.01,61426,432.97489582000003,9,6549,0.003,0.03438173979520798,1226500,-0.8740572333335876,-166.83705139160156,1.9380787849426269
354,213.1,61637,436.42525068999987,9,6571,0.003,0.0347929410636425,1230720,-0.5838783383369446,-163.98440551757812,2.1720071494579316
355,210.95,61800,434.43225758999995,9,6588,0.003,0.03627971187233925,1233980,0.8883917331695557,-162.9202880859375,2.237298333644867
356,210.79,61984,434.21144302999994,9,6607,0.003,0.04229797422885895,1237660,2.1453216075897217,-166.43035888671875,2.2133382201194762
357,212.04,62317,436.31612523999996,9,6642,0.003,0.03708243370056152,1244320,0.8092262148857117,-163.61312866210938,1.9016285419464112
358,212.15,62516,436.60280518,9,6663,0.003,0.03570976480841637,1248300,0.14382660388946533,-161.5948486328125,2.032514047622681
359,211.84,62683,436.21286582,9,6681,0.003,0.034919846802949905,1251640,1.7753404378890991,-155.10626220703125,2.1164984166622163
360,211.6,62854,435.8604927599999,9,6699,0.003,0.03743478283286095,1255060,0.6848080158233643,-161.25552368164062,1.872722578048706
361,211.18,63017,435.3316116799999,9,6716,0.003,0.035237979143857956,1258320,-0.23093903064727783,-162.40963745117188,1.9467820703983307
362,211.38,63190,435.5857206699999,9,6734,0.003,0.03522674739360809,1261780,-1.5355491638183594,-160.91253662109375,1.760486626625061
363,211.34,63379,435.78579496,9,6754,0.003,0.0329853855073452,1265560,0.605082631111145,-161.56442260742188,1.6903335601091385
364,210.92,63532,435.18080643,9,6771,0.003,0.0343451052904129,1268620,-2.1053037643432617,-161.03317260742188,1.7613814771175385
365,210.94,63704,435.24110093,9,6789,0.003,0.0337238684296608,1272060,-0.8585250377655029,-162.13839721679688,1.8351331412792207
366,211.23,63889,435.6162565200001,9,6809,0.003,0.0364595502614975,1275760,-1.2706953287124634,-161.3829345703125,1.6547736883163453
367,210.8,64064,435.5281659200001,9,6827,0.003,0.03437841683626175,1279260,-0.6960206031799316,-163.11349487304688,1.7487905144691467
368,210.72,64239,435.6283643000001,9,6845,0.003,0.035958848893642426,1282760,-0.24509939551353455,-160.0104217529297,1.837780910730362
369,210.76,64413,435.94240204,9,6863,0.003,0.03649898245930672,1286240,-0.7269822359085083,-160.33074951171875,2.669843888282776
370,210.62,64568,435.79715035000004,9,6880,0.003,0.03431179001927376,1289340,0.3046470880508423,-156.6285400390625,1.5523869454860688
371,210.96,64768,436.57015758,9,6901,0.003,0.035195883363485336,1293340,0.8959395885467529,-163.1461181640625,1.8707705736160278
372,211.1,64942,436.95620843000006,9,6920,0.003,0.03480888903141022,1296820,-0.7013099193572998,-158.2343292236328,1.9261635959148407
373,211.01,65083,436.88786945,9,6935,0.003,0.037093229591846466,1299640,-1.1677416563034058,-159.53436279296875,2.1277606189250946
374,210.76,65255,436.60648139,9,6953,0.003,0.034502990543842316,1303080,0.05234827101230621,-163.24468994140625,2.1737509191036226
375,211.07,65435,437.0663460899999,9,6972,0.003,0.03423132002353668,1306680,-0.4799483120441437,-161.5476531982422,3.244828277826309
376,211.28,65625,437.26118565999997,9,6993,0.003,0.035181500017642975,1310480,0.1728249490261078,-162.1732940673828,2.44461168050766
377,211.47,65786,437.42178706999994,9,7011,0.003,0.03580986335873604,1313700,0.1292729377746582,-162.2446746826172,2.1091526687145232
378,211.81,65968,438.0882211,9,7031,0.003,0.03783627599477768,1317340,-0.6155414581298828,-164.06048583984375,2.0614269495010378
379,212.76,66222,439.13719327,9,7059,0.003,0.039071910083293915,1322420,-0.6488393545150757,-162.9127960205078,2.074092972278595
380,213.79,66407,442.97996512,9,7079,0.003,0.03586698696017265,1326120,-0.08429181575775146,-161.20838928222656,1.952738916873932
381,212.35,66555,443.3420029,9,7095,0.003,0.036868080496788025,1329080,-0.6874186992645264,-161.10794067382812,1.7673967063426972
382,204.97,66741,438.02880496000006,9,7115,0.003,0.036610785871744156,1332800,-1.4239833354949951,-163.23944091796875,2.174139618873596
383,202.59,66909,435.01734862000006,9,7133,0.003,0.034112438559532166,1336160,-1.9505136013031006,-158.26754760742188,1.9885828793048859
384,198.91,67056,430.83832854,9,7148,0.003,0.03492013365030289,1339100,-0.09251600503921509,-154.6287841796875,2.3294518530368804
385,192.51,67235,423.66870803999996,9,7167,0.003,0.03514556586742401,1342680,-1.645180344581604,-158.4599609375,1.804091566801071
386,192.35,67434,424.4260302599999,9,7188,0.003,0.03494910150766373,1346660,-0.8678153157234192,-153.03952026367188,1.8906056821346282
387,191.38,67578,423.4192604999999,9,7204,0.003,0.03604714944958687,1349540,-0.8146438002586365,-153.97268676757812,1.9814857006073
388,191.19,67756,423.36505210999997,9,7223,0.003,0.040579747408628464,1353100,-1.036481499671936,-158.67027282714844,2.370833492279053
389,190.76,67956,423.1427475299999,9,7244,0.003,0.047214943915605545,1357100,-0.6018641591072083,-157.17147827148438,2.5211511611938477
390,190.89,68168,423.5199260399999,9,7267,0.003,0.0460592582821846,1361340,-0.4434812068939209,-161.2787628173828,2.5503728866577147
391,190.43,68325,423.25372554,9,7284,0.003,0.0521928109228611,1364480,0.6282356381416321,-156.71969604492188,2.7999585270881653
392,190.02,68540,422.86996199000004,9,7307,0.003,0.05552888661623001,1368780,0.08264347910881042,-156.53961181640625,2.923042821884155
393,189.7,68748,422.9628791,9,7329,0.003,0.04507720470428467,1372940,-0.8672393560409546,-152.81610107421875,2.204592227935791
394,189.77,68960,423.12452829,9,7351,0.003,0.03963969275355339,1377180,-0.3162485361099243,-150.70938110351562,2.1267458319664003
395,190.03,69169,423.66876206000006,9,7374,0.003,0.03542746603488922,1381360,-1.4536476135253906,-152.83038330078125,1.8679662764072418
396,189.28,69334,422.52972245000007,9,7391,0.003,0.03602350875735283,1384660,-1.6047645807266235,-150.08200073242188,1.7745185911655426
397,188.79,69519,421.87911428000007,9,7411,0.003,0.03419369086623192,1388360,1.7271173000335693,-153.6826171875,1.8294883072376251
398,188.49,69684,421.73473862,9,7429,0.003,0.03535012528300285,1391660,-0.25378847122192383,-152.88278198242188,1.7012821793556214
399,188.29,69852,421.61846145999993,9,7447,0.003,0.03428415581583977,1395020,-0.45885586738586426,-158.63998413085938,1.9358246982097627
400,187.84,70004,421.16385518999994,9,7463,0.003,0.037127215415239334,1398060,-0.11341589689254761,-156.25323486328125,1.6911810338497162
401,187.29,70162,420.30112933,9,7480,0.003,0.03586288169026375,1401220,0.6947561502456665,-151.48822021484375,1.8181355595588684
402,187.36,70351,420.49385416000007,9,7500,0.003,0.03446485102176666,1405000,2.799893856048584,-156.367919921875,1.7563868284225463
403,187.02,70524,420.10156172,9,7518,0.003,0.03776099532842636,1408460,-0.8970586061477661,-155.7333984375,1.7833372831344605
404,186.64,70695,419.63806966000004,9,7536,0.003,0.03516774624586105,1411880,-1.5200910568237305,-157.81187438964844,1.773996686935425
405,186.85,70886,419.71393883,9,7557,0.003,0.037473734468221664,1415700,0.5991151332855225,-157.38978576660156,1.7113579034805297
406,187.03,71082,419.58804509000004,9,7578,0.003,0.03620364889502525,1419620,-0.01976260542869568,-155.87986755371094,1.8383846640586854
407,186.83,71257,419.5477642200001,9,7597,0.003,0.0374554842710495,1423120,0.5935848951339722,-155.14031982421875,2.091916584968567
408,181.01,71422,413.7661451800001,9,7614,0.003,0.0344376303255558,1426420,-0.8766127228736877,-156.38491821289062,1.6520872056484222
409,180.3,71565,412.6402864600001,9,7630,0.003,0.036674972623586655,1429280,-0.995004415512085,-159.96697998046875,1.887746000289917
410,179.96,71716,412.24200371000006,9,7646,0.003,0.036906417459249496,1432300,0.7223950028419495,-154.02398681640625,1.7802672743797303
411,180.26,71894,413.1813678200001,9,7666,0.003,0.037618160247802734,1435860,0.7251257300376892,-159.34274291992188,1.47371107339859
412,180.15,72050,413.19154999000006,9,7682,0.003,0.03477505221962929,1438980,1.5345770120620728,-156.19180297851562,1.634614509344101
413,180.02,72246,413.51076472000005,9,7703,0.003,0.034778330475091934,1442900,-0.09322822093963623,-155.51495361328125,1.8577230513095855
414,179.87,72403,413.20725001000005,9,7720,0.003,0.03745577856898308,1446040,0.3626868426799774,-160.2661895751953,1.7364618360996247
415,179.47,72569,412.40156237,9,7738,0.003,0.036355067044496536,1449360,-0.25976669788360596,-148.5518798828125,1.7982348144054412
416,179.48,72727,412.10068708,9,7754,0.003,0.035453617572784424,1452520,0.3811459541320801,-153.49826049804688,1.6667532980442048
417,179.46,72881,411.76464512999996,9,7771,0.003,0.0350736528635025,1455600,0.8914331793785095,-156.93472290039062,1.5042953312397003
418,179.0,73023,411.062861,9,7786,0.003,0.03808318451046944,1458440,-1.1290708780288696,-155.62811279296875,1.6866069376468658
419,178.92,73196,410.96878914999996,9,7804,0.003,0.036162786185741425,1461900,-1.073676586151123,-158.2887725830078,1.6257813930511475
420,178.28,73332,409.6983925799999,9,7819,0.003,0.03791853412985802,1464620,-1.6301887035369873,-154.64910888671875,1.8018107950687408
421,178.13,73496,409.46151325999995,9,7836,0.003,0.038188301026821136,1467900,-0.6582501530647278,-154.8562469482422,1.8922650218009949
422,178.02,73698,409.07051304,9,7858,0.003,0.034169554710388184,1471940,1.0786778926849365,-154.1560821533203,1.980340176820755
423,177.49,73854,408.3563259599999,9,7874,0.003,0.03582590073347092,1475060,-0.5335069894790649,-152.59970092773438,1.8557698667049407
424,176.98,73995,407.6307470599999,9,7889,0.003,0.035370949655771255,1477880,1.1530191898345947,-152.67066955566406,1.9900595188140868
425,176.71,74143,407.33275064000003,9,7905,0.003,0.033892061561346054,1480840,-0.9467303156852722,-154.6088104248047,1.9890885710716248
426,176.61,74318,407.2960356599999,9,7924,0.003,0.04304402321577072,1484340,0.9531228542327881,-152.96273803710938,2.1095699608325957
427,181.99,75034,413.88309938000003,9,8000,0.003,0.03280464932322502,1498660,0.4224741458892822,-149.7065887451172,1.7472690790891647
428,183.43,75365,415.76840182,9,8035,0.003,0.03387162461876869,1505280,1.5050344467163086,-150.98599243164062,2.1563503563404085
429,183.5,75538,416.26648259,9,8053,0.003,0.03811012580990791,1508740,1.8669475317001343,-151.96331787109375,2.157833433151245
430,183.67,75725,416.43350646,9,8073,0.003,0.03716687485575676,1512480,0.005817413330078125,-152.58035278320312,2.1867952704429627
431,183.88,75909,416.54055676000013,9,8092,0.003,0.03919076919555664,1516160,0.22347429394721985,-156.1470947265625,2.1895839095115663
432,183.99,76076,417.0614188400001,9,8110,0.003,0.03793824091553688,1519500,-1.2879667282104492,-152.27410888671875,1.7061820328235626
433,183.84,76241,417.13878131000007,9,8128,0.003,0.03598446771502495,1522800,0.3665304183959961,-157.0142822265625,1.7985175907611848
434,183.79,76403,417.41566065000006,9,8146,0.003,0.036533210426568985,1526040,-0.07123923301696777,-159.3900146484375,1.688093513250351
435,183.81,76616,417.87065056000006,9,8169,0.003,0.0379498191177845,1530300,-0.27295422554016113,-153.03271484375,1.8358794093132018
436,183.8,76769,418.19056771000004,9,8185,0.003,0.03700569272041321,1533360,2.2159440517425537,-158.2437744140625,1.6819365084171296
437,183.91,76945,418.8905270000001,9,8204,0.003,0.03807085379958153,1536880,-1.3847885131835938,-157.69219970703125,1.4402779579162597
438,184.06,77120,419.5772883400001,9,8222,0.003,0.03751826286315918,1540380,2.3907277584075928,-154.80972290039062,1.5471422970294952
439,183.58,77274,419.0521261500001,9,8238,0.003,0.03634731099009514,1543460,-1.5369737148284912,-154.1724090576172,1.4445813834667205
440,183.63,77458,419.17296879,9,8258,0.003,0.03503480926156044,1547140,1.2969383001327515,-153.02822875976562,1.3887842297554016
441,183.92,77653,419.946794,9,8279,0.003,0.03831011801958084,1551040,-1.156770944595337,-155.82528686523438,1.6370025038719178
442,184.15,77845,420.52915476999993,9,8299,0.003,0.03677886724472046,1554880,-0.3944132924079895,-155.4138641357422,1.626291072368622
443,183.92,78000,420.64148557,9,8316,0.003,0.03756564483046532,1557980,1.2657203674316406,-157.41497802734375,1.9742775321006776
444,184.11,78208,421.32428497,9,8339,0.003,0.03684138134121895,1562140,-1.8952239751815796,-156.2787322998047,1.6470193564891815
445,184.39,78396,421.9812496299999,9,8359,0.003,0.039762333035469055,1565900,0.38823938369750977,-156.713134765625,1.9016597747802735
446,184.51,78569,422.55136587999993,9,8377,0.003,0.03919106721878052,1569360,-0.26507139205932617,-151.3765411376953,1.6374393820762634
447,184.31,78740,422.76073393999997,9,8395,0.003,0.03995455428957939,1572780,-0.24607586860656738,-159.08590698242188,1.7023192346096039
448,183.97,78894,422.55374842,9,8411,0.003,0.040280863642692566,1575860,0.8384482860565186,-159.58274841308594,1.6579072058200837
449,183.45,79044,422.03299480999993,9,8427,0.003,0.03811751678586006,1578860,-0.6000982522964478,-156.7799530029297,1.708363765478134
450,183.34,79194,422.25094877,9,8443,0.003,0.03849992901086807,1581860,0.6623852252960205,-159.3011932373047,1.6380083739757538
451,183.24,79368,422.41497538,9,8462,0.003,0.03729046881198883,1585340,0.12461891770362854,-155.39862060546875,1.8142244219779968
452,182.9,79522,421.91657663000007,9,8478,0.003,0.03872205689549446,1588420,1.422459602355957,-152.4502410888672,2.0300437033176424
453,182.73,79699,421.90223533000005,9,8497,0.003,0.04210056737065315,1591960,0.3383813500404358,-158.28445434570312,2.0445729732513427
454,183.87,80024,423.78422281,9,8532,0.003,0.07118455320596695,1598460,-0.010790050029754639,-156.38125610351562,2.8997775316238403
455,184.84,80284,425.1469499,9,8559,0.003,0.05902545154094696,1603660,-0.5195746421813965,-156.08351135253906,2.3380042791366575
456,188.73,80857,433.15273434000005,9,8621,0.003,0.037471704185009,1615120,-0.02619144320487976,-156.51736450195312,1.5646952629089355
457,187.24,81041,430.94244081,9,8641,0.003,0.03685896843671799,1618800,-1.2732577323913574,-153.09341430664062,1.7028716027736663
458,187.25,81241,431.43607333,9,8662,0.003,0.03762304410338402,1622800,0.22756236791610718,-156.9686279296875,1.8933550834655761
459,187.52,81435,432.04259747000003,9,8683,0.003,0.03823548182845116,1626680,0.7832367420196533,-156.7476806640625,1.7324366331100465
460,187.65,81619,432.4927961800001,9,8703,0.003,0.038679808378219604,1630360,0.7865235805511475,-157.79208374023438,1.7985933482646943
461,187.61,81778,432.67369236000013,9,8720,0.003,0.04058530181646347,1633540,-0.5418047308921814,-155.92413330078125,1.7360656976699829
462,187.35,81925,432.4951712800001,9,8736,0.003,0.040703147649765015,1636480,-0.9304166436195374,-152.09262084960938,1.6926466524600983
463,186.89,82068,431.76446199000003,9,8751,0.003,0.036779507994651794,1639340,0.3344147205352783,-153.82943725585938,1.6638639628887177
464,186.75,82207,431.51881999,9,8767,0.003,0.03723326697945595,1642120,-0.252785325050354,-156.30844116210938,1.6474256336688995
465,186.49,82353,431.2004687,9,8783,0.003,0.037887319922447205,1645040,-0.14192649722099304,-153.20225524902344,1.656823205947876
466,186.42,82531,431.6951360499999,9,8801,0.003,0.037479888647794724,1648600,-0.5211148262023926,-158.04983520507812,1.6378117442131042
467,186.26,82690,431.68379030999995,9,8819,0.003,0.03572893142700195,1651780,0.4927041828632355,-156.02786254882812,1.7068259060382842
468,186.25,82864,431.94951414999997,9,8837,0.003,0.035922449082136154,1655260,0.37686288356781006,-153.26275634765625,1.5747794210910797
469,185.91,83004,431.3498244499999,9,8853,0.003,0.035901427268981934,1658060,0.26183128356933594,-154.89544677734375,1.59969362616539
470,186.18,83186,432.23665041999993,9,8872,0.003,0.03565873205661774,1661700,0.21629342436790466,-151.61669921875,1.57143492102623
471,185.58,83326,431.36939881,9,8887,0.003,0.03700806573033333,1664500,-0.08195936679840088,-155.2338409423828,1.5149290978908538
472,185.33,83475,431.15040791000007,9,8903,0.003,0.037410251796245575,1667480,-0.3592756688594818,-152.31304931640625,1.6258178651332855
473,185.34,83617,431.21554461,9,8918,0.003,0.03726433217525482,1670320,1.6210857629776,-153.3447723388672,1.6438019812107085
474,185.12,83767,431.2231393799999,9,8934,0.003,0.03724442794919014,1673320,0.8080331087112427,-156.55551147460938,1.6125723123550415
475,184.93,83928,431.29273604999986,9,8951,0.003,0.03719120845198631,1676540,0.7640536427497864,-152.64007568359375,1.6395667731761931
476,184.37,84062,430.51026993999994,9,8965,0.003,0.039366986602544785,1679220,-2.0151071548461914,-150.4295654296875,1.5924420356750488
477,184.2,84206,430.63513610999996,9,8980,0.003,0.0380730964243412,1682100,-1.4994739294052124,-160.23196411132812,1.6207200109958648
478,184.14,84382,430.95215227,9,9000,0.003,0.03619790077209473,1685620,2.1322262287139893,-154.51467895507812,1.9330978631973266
479,183.5,84572,430.69942527,9,9021,0.003,0.03603573143482208,1689420,1.5263080596923828,-157.67861938476562,1.43896843791008
480,183.14,84721,430.42461992000005,9,9037,0.003,0.0359276719391346,1692400,-0.3266887664794922,-156.05491638183594,1.881058359146118
481,183.29,84884,430.81539667000004,9,9054,0.003,0.034820884466171265,1695660,0.7853442430496216,-150.5059051513672,1.679814836382866
482,182.93,85034,430.7017054,9,9070,0.003,0.03755488246679306,1698660,-0.8385034799575806,-152.74307250976562,1.5850395858287811
483,182.74,85183,430.78544762000007,9,9086,0.003,0.037501394748687744,1701640,-0.3468562662601471,-156.34915161132812,1.4212559521198274
484,182.87,85343,431.48463668000005,9,9102,0.003,0.03718019649386406,1704840,-0.9522718787193298,-150.7459259033203,1.5830493807792663
485,182.66,85501,431.4537435600001,9,9119,0.003,0.037613630294799805,1708000,2.3367416858673096,-157.5206756591797,1.4449208915233611
486,182.66,85700,431.52376753000004,9,9140,0.003,0.0362466424703598,1711980,0.7433842420578003,-155.56932067871094,1.661440622806549
487,183.24,85902,432.5968336600001,9,9162,0.003,0.03726806491613388,1716020,1.6202938556671143,-155.80093383789062,1.4427949786186218
488,183.23,86079,433.2451885,9,9180,0.003,0.03671640530228615,1719560,-1.4942710399627686,-152.50181579589844,1.3907516598701477
489,182.94,86250,433.17881535,9,9198,0.003,0.037695638835430145,1722980,1.9004449844360352,-155.22235107421875,1.5191547393798828
490,182.41,86409,432.94480553999995,9,9216,0.003,0.036860328167676926,1726160,0.4546751379966736,-157.03904724121094,1.9776012659072877
491,182.93,86618,434.0135106199999,9,9238,0.003,0.03771714121103287,1730340,1.4011462926864624,-155.12713623046875,1.4144652336835861
492,182.45,86785,433.74572858,9,9256,0.003,0.03840252384543419,1733680,2.7926888465881348,-157.7193603515625,1.6278365671634674
493,182.1,86958,433.69311559,9,9274,0.003,0.038901276886463165,1737140,0.3613862991333008,-151.53526306152344,1.4620501697063446
494,181.65,87125,433.43195241,9,9292,0.003,0.039088211953639984,1740480,0.9915258288383484,-157.69517517089844,1.4054639011621475
495,181.35,87304,433.73414473,9,9311,0.003,0.038122791796922684,1744060,-1.2363362312316895,-147.65890502929688,1.3345412403345107
496,181.16,87450,433.6433529600001,9,9327,0.003,0.03925706073641777,1746980,-2.783456802368164,-151.5164031982422,1.5305340737104416
497,180.88,87607,433.77523844999996,9,9343,0.003,0.03823516145348549,1750120,1.0113108158111572,-154.04446411132812,1.4467371642589568
498,181.16,87800,434.54868955,9,9363,0.003,0.04191325232386589,1753980,0.41848164796829224,-153.267822265625,1.3526876449584961
499,180.97,87949,434.33614929,9,9379,0.003,0.041169170290231705,1756960,-1.0531082153320312,-151.77761840820312,1.3862100660800933
500,181.43,88147,435.6241892599999,9,9400,0.003,0.038230687379837036,1760920,-0.20971626043319702,-157.20626831054688,1.43323595225811
501,181.51,88313,436.39603817999995,9,9418,0.003,0.03724909946322441,1764240,1.1469593048095703,-157.3981475830078,1.5836696177721024
502,181.19,88470,436.4401162299999,9,9434,0.003,0.03919268399477005,1767380,-0.4539404809474945,-158.2081756591797,1.3669987857341765
503,181.4,88664,437.4482349799998,9,9454,0.003,0.03877527266740799,1771260,1.0947918891906738,-156.63758850097656,1.3924639582633973
504,181.66,88861,438.3897889099998,9,9475,0.003,0.04243586212396622,1775200,0.8996161222457886,-156.5541534423828,1.5644444346427917
505,181.92,89078,439.93205511999986,9,9497,0.003,0.03805023059248924,1779540,0.05838656425476074,-149.02923583984375,1.3275336802005768
506,181.58,89240,440.10959796000003,9,9515,0.003,0.03922577574849129,1782780,-0.8501665592193604,-150.46546936035156,1.4538238584995269
507,181.66,89423,440.85907096000005,9,9534,0.003,0.04035750776529312,1786440,0.5522639155387878,-152.03646850585938,1.4111278355121613
508,181.82,89604,441.52501091,9,9553,0.003,0.04294424131512642,1790060,0.9813546538352966,-148.98739624023438,1.5076171964406968
509,181.92,89757,442.19635239999997,9,9570,0.003,0.04229049012064934,1793120,1.6069114208221436,-153.8550567626953,1.49633669257164
510,182.33,89949,443.45970301999995,9,9590,0.003,0.04247748851776123,1796960,0.5634487867355347,-157.72708129882812,1.5107330083847046
511,182.26,90120,443.78615745999997,9,9609,0.003,0.04306964948773384,1800380,0.7762120962142944,-154.46078491210938,1.3977979600429535
512,182.56,90306,444.7954826,9,9628,0.003,0.042711954563856125,1804100,0.12332683801651001,-155.47203063964844,1.5599122762680053
513,182.52,90498,445.23182463000006,9,9648,0.003,0.04332323372364044,1807940,0.18461626768112183,-150.4572296142578,1.5181138873100282
514,183.04,90707,447.50682766,9,9670,0.003,0.04309773072600365,1812120,0.4695800244808197,-152.71270751953125,1.4689506232738494
515,183.06,90875,448.18793038999996,9,9689,0.003,0.04481989145278931,1815480,-2.568002700805664,-158.1542510986328,1.6284750699996948
516,183.54,91081,450.19335713999993,9,9711,0.003,0.045419227331876755,1819600,-1.3156501054763794,-155.3702850341797,1.4770088851451875
517,183.88,91269,451.92740163999986,9,9731,0.003,0.04330708086490631,1823360,-1.1389108896255493,-156.8370361328125,1.8164942383766174
518,184.29,91452,453.59584369,9,9751,0.003,0.04693683236837387,1827020,-1.1528527736663818,-155.79600524902344,1.5853900134563446
519,184.52,91648,455.15741393999997,9,9772,0.003,0.0460100993514061,1830940,-0.3881680965423584,-157.63958740234375,1.5681463658809662
520,185.23,91855,458.01150201999997,9,9795,0.003,0.048551082611083984,1835080,0.14653676748275757,-153.6984405517578,1.810165172815323
521,185.88,92084,460.30654211999996,9,9819,0.003,0.05142104998230934,1839660,0.3329419195652008,-156.39553833007812,1.6499778091907502
522,185.79,92277,461.23124343999996,9,9840,0.003,0.0532519556581974,1843520,-0.6329229474067688,-161.2109375,1.7920167207717896
523,186.45,92499,463.4782611999999,9,9863,0.003,0.053036823868751526,1847960,0.5701456069946289,-158.80841064453125,1.816504418849945
524,187.14,92709,465.67124837999995,9,9886,0.003,0.0525115430355072,1852160,0.3568218946456909,-159.26251220703125,1.6529207229614258
525,187.84,92927,467.97470377999997,9,9910,0.003,0.053598128259181976,1856520,-1.3463776111602783,-159.1398162841797,1.8270779848098755
526,188.37,93155,470.32577675,9,9934,0.003,0.05317288264632225,1861080,-0.7988299131393433,-159.08079528808594,1.7525613009929657
527,183.85,93419,466.00674508,9,9962,0.003,0.0551668256521225,1866360,0.4257311224937439,-161.54010009765625,1.9780066370964051
528,182.76,93641,465.95657053,9,9986,0.003,0.05617140233516693,1870800,-0.1283586323261261,-159.1943359375,2.146777707338333
529,183.4,93878,467.76766431,9,10011,0.003,0.05719799920916557,1875540,1.0767420530319214,-159.24807739257812,1.9710395574569701
530,183.5,94075,469.06137938999996,9,10032,0.003,0.059681642800569534,1879480,-0.9577805995941162,-162.80572509765625,1.8654693186283111
531,184.66,94375,474.1338960399999,9,10065,0.003,0.057904183864593506,1885480,1.4335989952087402,-153.97222900390625,1.8882759094238282
532,185.28,94604,476.2698085,9,10089,0.003,0.05581264942884445,1890060,0.48748353123664856,-160.6029052734375,1.886509323120117
533,185.69,94810,478.2381051399999,9,10111,0.003,0.05725807696580887,1894180,0.09454363584518433,-163.03857421875,1.8336082875728608
534,186.69,95072,481.08256594,9,10140,0.003,0.056621164083480835,1899420,0.7641688585281372,-160.3369903564453,2.080575031042099
535,186.8,95296,482.41089139999997,9,10165,0.003,0.057663943618535995,1903900,-2.5191822052001953,-164.36077880859375,1.8254424333572388
536,188.0,95569,485.61341054999997,9,10193,0.003,0.05867565795779228,1909360,-1.6078094244003296,-161.151611328125,1.8469549357891082
537,188.65,95810,487.43836339,9,10218,0.003,0.0596255362033844,1914180,0.86797034740448,-164.15936279296875,2.107593208551407
538,190.41,96161,491.93246873,9,10255,0.003,0.06161116436123848,1921200,2.262362003326416,-165.60821533203125,2.092096197605133
539,192.38,96512,498.51309780999986,9,10292,0.003,0.060564424842596054,1928220,-0.33477380871772766,-171.11795043945312,1.9513539135456086
540,193.09,96767,501.9370747499999,9,10320,0.003,0.06016450375318527,1933320,0.1458229124546051,-159.84341430664062,1.88921000957489
541,193.67,97020,504.8395416299999,9,10347,0.003,0.05470734089612961,1938380,0.6318090558052063,-163.97547912597656,2.2774247944355013
542,197.71,97616,518.12616638,9,10412,0.003,0.058483704924583435,1950300,-0.053630709648132324,-162.73277282714844,2.0500263571739197
543,201.37,98137,526.69883075,9,10468,0.003,0.06122440844774246,1960720,0.22386914491653442,-160.8636474609375,2.1203851103782654
544,209.29,99137,545.5454982999998,9,10576,0.003,0.06663550436496735,1980720,0.7432781457901001,-173.30108642578125,2.7138438165187835
545,210.32,99428,547.76014685,9,10607,0.003,0.0700678899884224,1986540,-0.43849146366119385,-172.17359924316406,2.7073230504989625
