time/fps,time/total_timesteps,rollout/ep_rew_mean,time/time_elapsed,rollout/ep_len_mean,time/episodes,train/ent_coef_loss,train/ent_coef,train/learning_rate,train/critic_loss,train/n_updates,train/actor_loss
186,49,24.949885,0,49.0,1,,,,,,
238,67,11.217195499999999,0,33.5,2,,,,,,
289,87,9.661176,0,29.0,3,,,,,,
16,126,12.480674,7,31.5,4,-40.45049839019775,0.0027453872258774935,0.03,0.22741218134760857,500,-0.38512748330831525
11,151,9.1000022,13,30.2,5,17.20104455947876,8.464719576295465e-06,0.03,0.2689986236393452,1000,-0.6059585481882095
8,198,5.899958833333334,23,33.0,6,2.3134175419807432,0.053406461514532565,0.03,0.27342223301529883,1940,-2.5975664496421813
7,244,4.493965285714286,33,34.857142857142854,7,0.12078110910952092,0.19123802781105043,0.03,1.0695200711488724,2860,-8.54512553215027
6,291,4.343760249999999,44,36.375,8,0.06502050030976533,0.279127824306488,0.03,2.816176414489746,3800,-16.87461647987366
6,315,4.858881666666665,50,35.0,9,-0.13785579949617385,0.31283175349235537,0.03,3.0378921747207643,4280,-22.35064277648926
6,341,4.3943297999999995,54,34.1,10,0.03069118447601795,0.3268437385559082,0.03,2.8657374382019043,4800,-26.94107780456543
6,409,4.015086363636363,67,37.18181818181818,11,-0.012045544758439063,0.41730569303035736,0.03,4.356278860569001,6160,-36.82841777801514
5,429,3.0551679999999988,71,35.75,12,0.14986652843654155,0.37488832622766494,0.03,4.762910199165344,6560,-37.5217004776001
5,467,2.043059076923076,80,35.92307692307692,13,-0.0411699628457427,0.397622874379158,0.03,5.406970953941345,7320,-41.39088306427002
5,504,2.335445214285713,89,36.0,14,-0.05682938322424889,0.4005501136183739,0.03,6.395820927619934,8060,-47.69441318511963
5,574,4.280011466666665,105,38.266666666666666,15,0.1746815524995327,0.3129959315061569,0.03,4.838348150253296,9460,-46.966398048400876
5,654,1.2887857500000002,121,40.875,16,-0.3379240246489644,0.2735359475016594,0.03,4.2954987525939945,11060,-49.801838874816895
5,733,4.035443411764707,135,43.11764705882353,17,-0.34696850683540104,0.29551236778497697,0.03,7.925225257873535,12640,-53.586426162719725
5,756,3.654304722222223,139,42.0,18,-0.32614323468878864,0.3711086645722389,0.03,8.165758728981018,13100,-59.593895721435544
5,853,5.21951205263158,152,44.89473684210526,19,0.1825488619506359,0.33260900527238846,0.03,9.36125316619873,15040,-73.63423347473145
5,953,5.083875750000002,167,47.65,20,0.04077803753316402,0.46355062574148176,0.03,12.213360404968261,17040,-81.65566329956054
5,1013,4.441791857142858,175,48.23809523809524,21,0.09264152962714434,0.4915932476520538,0.03,18.72989864349365,18240,-87.42394905090332
5,1076,4.131721363636365,184,48.90909090909091,22,-0.22763558365404607,0.5394180864095688,0.03,18.258019495010377,19500,-93.31353569030762
5,1144,3.3414820434782624,193,49.73913043478261,23,0.34900571405887604,0.5392740353941917,0.03,27.031564712524414,20860,-101.48826065063477
5,1219,2.422511083333333,204,50.791666666666664,24,0.004985494073480368,0.6992784768342972,0.03,82.50503597259521,22360,-129.35905227661132
5,1253,2.3490658399999997,211,50.12,25,-0.03704303307458758,0.7593428939580917,0.03,87.31612663269043,23040,-142.11699371337892
5,1296,2.542387615384615,220,49.84615384615385,26,0.040709355380386114,0.7538350433111191,0.03,118.30270004272461,23900,-165.72524642944336
5,1336,2.9142858888888887,229,49.48148148148148,27,-0.04323645611293614,0.8226288467645645,0.03,147.92658081054688,24700,-183.20634078979492
5,1372,2.383875964285714,237,49.0,28,0.06421006363816559,0.8311600416898728,0.03,141.5349319458008,25420,-191.9079788208008
5,1500,9.997551517241378,254,51.724137931034484,29,0.009499765234068036,1.064088261127472,0.03,290.8870109558105,27980,-240.92558212280272
6,1657,11.319056499999999,275,55.233333333333334,30,0.22282436676323414,1.642331612110138,0.03,346.82336349487304,31120,-322.613298034668
6,1808,12.550513451612902,298,58.32258064516129,31,0.08332226350903511,2.032973754405975,0.03,643.6847198486328,34140,-416.7873291015625
6,1880,13.146403093750001,307,58.75,32,-0.24218475334346296,2.0187777042388917,0.03,804.9774139404296,35580,-470.9765426635742
6,1975,13.155560939393942,320,59.84848484848485,33,0.5867849886417389,3.1481806874275207,0.03,1668.1769104003906,37480,-556.8588958740235
6,2035,12.526992500000002,328,59.85294117647059,34,-0.5656619522720575,2.542949342727661,0.03,1936.2697021484375,38680,-610.5634887695312
6,2079,12.271002914285717,335,59.4,35,0.5918019935488701,3.1872125625610352,0.03,2211.3883056640625,39560,-656.2717346191406
6,2175,12.991268194444448,356,60.416666666666664,36,-0.9932538706809282,3.2808521509170534,0.03,4361.345239257813,41480,-711.0857971191406
6,2258,12.78422502702703,367,61.027027027027025,37,-1.1234820621088146,3.8194638013839723,0.03,5850.103442382812,43140,-794.9710723876954
6,2340,13.078135473684213,378,61.578947368421055,38,1.0208307042717935,5.953892040252685,0.03,9615.862817382813,44780,-891.9596649169922
6,2509,20.57799556410257,411,64.33333333333333,39,0.5892363861203194,9.543098545074463,0.03,20015.9748046875,48160,-1580.2491638183594
6,2597,23.1006042,429,64.925,40,0.9153546392917633,12.296835136413574,0.03,35635.37294921875,49920,-2171.990234375
6,2730,23.63557424390244,448,66.58536585365853,41,0.4284571260213852,13.757771158218384,0.03,48977.40625,52580,-2561.15263671875
6,2809,22.89933692857143,466,66.88095238095238,42,0.42615518942475317,14.61008915901184,0.03,52245.88984375,54160,-2856.8848876953125
5,2852,22.478080255813953,476,66.32558139534883,43,-0.5551657475531101,14.244679689407349,0.03,64930.8953125,55020,-3049.4318725585936
5,3005,22.83522859090909,511,68.29545454545455,44,-0.3230770528316498,23.55324239730835,0.03,120833.732421875,58080,-3797.2237915039063
5,3141,22.516317177777776,534,69.8,45,0.7351888954639435,20.304166793823242,0.03,158585.225390625,60800,-4283.810107421875
5,3213,24.607007195652173,544,69.84782608695652,46,0.7206115409731865,29.70130090713501,0.03,227345.403125,62240,-4724.546728515625
5,3343,27.91135425531915,569,71.12765957446808,47,-0.037045609951019284,28.06981201171875,0.03,249454.246875,64840,-5710.441552734375
5,3378,27.12196797916667,574,70.375,48,0.1656468041241169,32.558507442474365,0.03,326546.98515625,65540,-5981.20947265625
5,3442,26.467427755102044,584,70.24489795918367,49,0.648391991853714,27.942838764190675,0.03,289641.6359375,66820,-5887.1795654296875
5,3679,27.81569774,636,73.58,50,1.1210536077618598,33.56663856506348,0.03,355878.4609375,71560,-6168.304931640625
5,3755,28.873369823529412,646,73.62745098039215,51,2.6083529353141786,33.38122510910034,0.03,414007.3796875,73080,-6606.938208007812
5,3836,30.083146865384613,664,73.76923076923077,52,0.6830116644501686,37.42265224456787,0.03,430758.078125,74700,-6780.9820556640625
5,3928,32.97081681132075,681,74.11320754716981,53,-0.43198739290237426,24.088729190826417,0.03,477028.375,76540,-6336.813159179687
5,4000,32.06441866666667,692,74.07407407407408,54,2.028970870375633,31.699780082702638,0.03,331911.6265625,77980,-6033.7720947265625
5,4110,32.176244800000006,708,74.72727272727273,55,0.47400822341442106,26.041918087005616,0.03,335781.284375,80180,-5800.588916015625
5,4134,31.788409803571433,711,73.82142857142857,56,-0.42815457880496977,22.019290351867674,0.03,347584.3734375,80660,-5933.9544921875
5,4161,31.48873229824562,715,73.0,57,2.0623851202428343,25.405785846710206,0.03,459651.1,81200,-5599.593310546875
5,4278,32.874022948275865,736,73.75862068965517,58,0.17147709652781487,27.468724250793457,0.03,549167.0421875,83540,-6572.422900390625
5,4360,34.930922932203394,746,73.89830508474576,59,-0.9970894768834114,26.438125991821288,0.03,797610.534375,85180,-6753.889868164062
5,4416,35.1629114,753,73.6,60,0.16791546642780303,34.8492374420166,0.03,900801.8,86300,-7041.054541015625
5,4486,34.759387655737704,763,73.54098360655738,61,-1.6352139838039874,34.21447439193726,0.03,984414.0625,87700,-7302.48583984375
5,4504,34.08740537096774,767,72.64516129032258,62,0.6834426872432232,40.75041275024414,0.03,1166030.20625,88060,-7399.1515625
5,4521,33.46457661904761,771,71.76190476190476,63,-0.6290375530719757,49.035030937194826,0.03,1353194.5125,88400,-7890.712109375
5,4602,33.573072921874996,787,71.90625,64,-1.767114268988371,38.44943752288818,0.03,1197757.4125,90020,-8410.408544921875
5,4652,33.27486278461538,794,71.56923076923077,65,2.1467684641480447,41.98263053894043,0.03,1343452.45625,91020,-8275.215844726563
5,4772,34.23853581818181,810,72.3030303030303,66,-2.116170995682478,39.487554740905765,0.03,1608763.04375,93420,-9443.762915039062
5,4825,34.22494682089552,816,72.01492537313433,67,1.973612117767334,69.93606224060059,0.03,2077338.36875,94480,-10673.06484375
5,4933,34.62567030882352,831,72.54411764705883,68,0.804115004837513,40.34417457580567,0.03,1979919.71875,96640,-10582.460009765626
5,5059,37.008061173913035,859,73.31884057971014,69,0.16212087944149972,47.131805992126466,0.03,1734895.80625,99160,-10127.880419921876
5,5245,38.40042137142856,899,74.92857142857143,70,0.4340632349252701,42.648034286499026,0.03,1352660.5125,102880,-9012.634643554688
5,5431,43.128781211267594,923,76.49295774647888,71,-0.702327698469162,34.70496883392334,0.03,876925.9,106600,-8717.191943359376
5,5616,47.38027881944444,959,78.0,72,-0.534338952600956,31.336213302612304,0.03,852142.21875,110300,-8037.6107177734375
5,5805,50.66847176712329,999,79.52054794520548,73,0.833621597290039,33.6367693901062,0.03,850841.33125,114080,-6803.828662109375
5,5984,50.46579781081081,1037,80.86486486486487,74,-1.152052114903927,21.953407859802248,0.03,727613.171875,117660,-6636.138989257813
5,6149,52.36232676,1061,81.98666666666666,75,2.1659826904535295,29.1219633102417,0.03,633348.3125,120960,-7036.97685546875
5,6193,52.06999514473684,1066,81.48684210526316,76,-0.6537539452314377,26.3433819770813,0.03,594815.1671875,121840,-7201.867895507812
5,6277,52.04980081818182,1080,81.51948051948052,77,-0.1845925159752369,28.63540201187134,0.03,564667.925,123520,-7687.298974609375
5,6433,54.50207262820512,1114,82.47435897435898,78,2.5225433215498922,25.579074096679687,0.03,620920.0390625,126640,-6282.5845947265625
5,6547,54.63744679746835,1130,82.87341772151899,79,-2.2077305614948273,18.119614124298096,0.03,631568.8015625,128920,-5991.048388671875
5,6618,54.1322676125,1141,82.725,80,0.532087829709053,30.024344635009765,0.03,779812.90625,130340,-6018.173193359375
5,6711,54.09695296296297,1158,82.85185185185185,81,0.0869856208562851,26.958686733245848,0.03,947059.303125,132200,-6196.164575195313
5,6803,54.326248670731715,1176,82.96341463414635,82,1.3471797332167625,26.54998083114624,0.03,1122167.115625,134040,-5924.826171875
5,7101,58.29153038554218,1224,85.55421686746988,83,0.050360241532325746,45.1015100479126,0.03,3305755.325,140000,-8512.743505859375
5,7437,58.7388685357143,1296,88.53571428571429,84,-1.0997922137379645,81.16343269348144,0.03,5369049.3375,146720,-18407.0578125
5,7603,58.261158000000016,1333,89.44705882352942,85,-1.2522591665387153,70.35347785949708,0.03,5080277.7875,150040,-20765.95322265625
5,7865,59.9083166395349,1382,91.45348837209302,86,-1.9726449504494667,105.83375701904296,0.03,9912064.325,155280,-24545.32333984375
5,8029,60.55119754022991,1417,92.28735632183908,87,0.03736912906169891,118.12372245788575,0.03,14743652.9,158560,-27587.83955078125
5,8156,59.4757969659091,1444,92.68181818181819,88,-0.863527825474739,130.70904159545898,0.03,16627818.4,161100,-31209.86474609375
5,8235,58.774951146067416,1460,92.52808988764045,89,2.545863911509514,144.1926300048828,0.03,21613517.3,162680,-37067.18671875
5,8439,60.0068577,1501,93.76666666666667,90,1.2869665563106536,185.86592788696288,0.03,37230669.5,166760,-50780.1216796875
5,8539,59.5232744065934,1521,93.83516483516483,91,-3.284244805574417,168.9112091064453,0.03,49960065.4,168760,-54595.59609375
5,8583,59.134718086956525,1527,93.29347826086956,92,-0.8548164129257202,189.6404998779297,0.03,52959858.4,169640,-56493.584765625
5,8822,62.598149623655914,1574,94.86021505376344,93,-0.389191272854805,236.3185676574707,0.03,58806690.6,174420,-70069.9595703125
5,9012,61.792647670212766,1614,95.87234042553192,94,-0.42310399264097215,263.8112632751465,0.03,58354714.6,178220,-69967.5103515625
5,9304,64.35293134736843,1673,97.93684210526315,95,-1.7644395738840104,143.0626537322998,0.03,28598217.4,184060,-53498.384765625
5,9375,63.37001320833334,1685,97.65625,96,-1.333992874622345,162.09171371459962,0.03,25555224.3,185480,-49036.022265625
5,9446,62.7724986185567,1698,97.38144329896907,97,-0.9424305111169815,150.1379638671875,0.03,24765885.3,186900,-46159.4998046875
5,9496,62.12876725510204,1710,96.89795918367346,98,-1.962827816605568,85.90653038024902,0.03,25701354.6,187900,-48500.454296875
5,9686,64.72192347474747,1741,97.83838383838383,99,-3.3459380596876143,120.1058448791504,0.03,16885768.45,191700,-46103.7287109375
5,9940,68.01455686999999,1793,99.4,100,-3.1154780477285384,74.22978553771972,0.03,11123596.4,196780,-31430.47158203125
5,10884,75.20332468000001,1979,108.35,101,0.9496552556753158,75.55498046875,0.03,4007959.675,215660,-16194.37890625
5,10907,75.19925678999999,1982,108.4,102,-2.2497458070516587,58.388902473449704,0.03,3713130.8875,216120,-15940.942138671875
5,10918,75.09519292,1985,108.31,103,-1.5379807263612748,56.114613151550294,0.03,3537607.2375,216340,-15792.553076171875
5,11154,78.36003004,2023,110.28,104,1.7703456953167915,26.010190391540526,0.03,879711.484375,221060,-10634.4521484375
5,12012,86.34778067,2196,118.61,105,0.37546556144952775,6.488797235488891,0.03,98550.997265625,238220,-2818.2026489257814
5,12438,90.07432177999999,2268,122.4,106,-1.2419083893299103,5.463467264175415,0.03,45289.41904296875,246740,-1855.8438720703125
5,12560,90.66568879999998,2292,123.16,107,0.3197205886244774,5.162165093421936,0.03,32254.06494140625,249180,-1819.2343017578125
5,12655,91.45723619999998,2306,123.64,108,-0.4608564360067248,4.595194625854492,0.03,36404.08896484375,251080,-1958.1382751464844
5,12866,94.55272043999999,2335,125.51,109,0.16206701286137104,2.786307668685913,0.03,22800.4015625,255300,-1480.8141662597657
5,13030,96.71415865,2363,126.89,110,-0.041054192511364815,1.3066996514797211,0.03,8470.67080078125,258580,-1135.0481811523437
5,13557,101.32015556,2470,131.48,111,-0.13253408744931222,0.6549925416707992,0.03,2335.0798828125,269120,-665.3104217529296
5,13937,104.43717064999998,2533,135.08,112,-0.26531275641173124,0.6591964602470398,0.03,1781.6452392578126,276720,-486.7242706298828
5,13982,104.54665104,2544,135.15,113,0.15717846602201463,0.5569057375192642,0.03,1813.369320678711,277620,-478.90161895751953
5,14054,104.39887954,2556,135.5,114,0.19312331974506378,0.449889200925827,0.03,1625.6915100097656,279060,-462.24198150634766
5,14111,104.31160338,2566,135.37,115,0.17831349223852158,0.37208977043628694,0.03,1086.9107025146484,280200,-440.3369842529297
5,14364,108.44923789999999,2620,137.1,116,0.42694267332553865,0.23599743247032165,0.03,603.6082008361816,285260,-350.182356262207
5,15108,115.72265073999999,2778,143.75,117,1.0597418554127216,0.16446607410907746,0.03,245.8492115020752,300140,-206.1727149963379
5,15124,115.83701664999998,2781,143.68,118,-0.09501326158642769,0.2368121176958084,0.03,248.68188247680663,300460,-205.18635787963868
5,15144,115.63407428999999,2786,142.91,119,-0.5547006703913212,0.2263525165617466,0.03,304.97817306518556,300860,-205.7021911621094
5,15165,115.74298537999998,2791,142.12,120,0.7652092091739178,0.2284570187330246,0.03,361.22811126708984,301280,-208.15078582763672
5,15603,119.38796797,2877,145.9,121,-1.0719595074653625,0.17386861890554428,0.03,157.5418218612671,310040,-182.15977478027344
5,16603,130.60531996999998,3074,155.27,122,0.10490950122475624,0.07827660776674747,0.03,39.71296424865723,330040,-103.16441841125489
5,17603,139.20770457,3278,164.59,123,-0.628531701862812,0.032346438337117436,0.03,15.86407699584961,350040,-61.24180316925049
5,17754,139.85069258,3301,165.35,124,-0.7993660300970078,0.0318678367882967,0.03,15.464663362503051,353060,-58.728365135192874
5,18709,150.68961966999998,3465,174.56,125,-1.0890964567661285,0.08567561507225037,0.03,17.886815214157103,372160,-57.855880928039554
5,18897,151.35968662,3494,176.01,126,-1.1570775512605906,0.0776553776115179,0.03,12.858529853820801,375920,-53.71457099914551
5,19087,152.0007825,3525,177.51,127,2.765524585545063,0.03024234911426902,0.03,12.093471312522889,379720,-51.46585540771484
5,19304,153.18892924,3563,179.32,128,-4.283481323719025,0.06532071605324745,0.03,10.322156476974488,384060,-49.584741020202635
5,19511,152.37734827999998,3601,180.11,129,-6.324841797351837,0.06821076199412346,0.03,10.557500839233398,388200,-48.495405960083005
5,20511,161.87466495,3803,188.54,130,-3.54924281835556,0.05040242504328489,0.03,8.538988673686982,408200,-45.75023765563965
5,20719,162.6537725,3840,189.11,131,1.9346247553825378,0.044119563326239584,0.03,7.315778422355652,412360,-45.217399215698244
5,20920,163.51184865,3866,190.4,132,-1.9401293501257897,0.05229782126843929,0.03,8.262626600265502,416380,-45.465294456481935
5,21142,164.43901042,3899,191.67,133,2.336809874325991,0.023658543452620508,0.03,7.667042016983032,420820,-44.737491607666016
5,21329,165.90027127999997,3927,192.94,134,-1.993284147977829,0.05623303987085819,0.03,8.529389178752899,424560,-43.99366226196289
5,21496,167.09748094,3962,194.17,135,-2.7051740370690824,0.0573282515630126,0.03,7.563081991672516,427900,-44.598375129699704
5,21647,167.81086594,3989,194.72,136,-2.188777233660221,0.044354450330138205,0.03,8.680794072151183,430920,-44.88146686553955
5,21807,169.11450355,4018,195.49,137,2.4257962055504323,0.03023262517526746,0.03,8.693029522895813,434120,-45.16568870544434
5,22004,169.70468529000001,4059,196.64,138,-6.934178733825684,0.05238594701513648,0.03,12.11355037689209,438060,-44.04368000030517
5,22219,167.65362715999996,4094,197.1,139,-1.2786632340401412,0.04228815156966448,0.03,8.326301002502442,442360,-44.186316871643065
5,22444,167.53816336999998,4138,198.47,140,0.4932838462293148,0.04179629348218441,0.03,10.180022597312927,446860,-42.291508483886716
5,22644,167.94112543999995,4178,199.14,141,5.296052312850952,0.022609822731465102,0.03,6.250606143474579,450860,-42.1213659286499
5,22886,169.28652747999996,4227,200.77,142,-3.034010922908783,0.04677377846091986,0.03,9.499701750278472,455700,-43.07954978942871
5,23099,170.23116998999996,4265,202.47,143,2.807405799627304,0.015696982434019447,0.03,8.099183654785156,459960,-42.95671215057373
5,23317,170.88828059,4314,203.12,144,-1.5256554633378983,0.028488011658191682,0.03,7.59493191242218,464320,-42.604437828063965
5,23508,171.58015541999998,4358,203.67,145,-4.179383885860443,0.02944767652079463,0.03,7.914951431751251,468140,-42.45022487640381
5,23693,171.10640633,4391,204.8,146,1.368331304565072,0.020813554432243107,0.03,7.321308863162995,471840,-43.148200607299806
5,23884,170.08630648999994,4430,205.41,147,-0.2774698927998543,0.023411680664867162,0.03,8.798981332778931,475660,-43.548682594299315
5,24065,170.87272829999998,4466,206.87,148,-5.413886272907257,0.036635493859648705,0.03,9.768761670589447,479280,-43.737481880187985
5,24278,171.91060685999997,4513,208.36,149,0.3654793709516525,0.014891137881204487,0.03,10.381261348724365,483540,-43.19755973815918
5,24494,171.99623502999998,4562,208.15,150,-1.6368520885705948,0.04156354051083326,0.03,10.030606722831726,487860,-43.55555381774902
5,24700,172.10699541999998,4606,209.45,151,-8.359599328041076,0.027304052095860242,0.03,8.67282259464264,491980,-42.70040588378906
5,24961,172.65967234,4647,211.25,152,-3.9776520252227785,0.01902668932452798,0.03,9.316861313581466,497200,-42.49901294708252
5,25145,171.54341369999997,4689,212.17,153,2.7851516723632814,0.01847193166613579,0.03,6.083502399921417,500880,-43.34062824249268
5,25358,172.68241404999998,4735,213.58,154,-1.36910360455513,0.016328467708081006,0.03,11.247103810310364,505140,-43.54200477600098
5,25583,173.408085,4779,214.73,155,1.126406279951334,0.016621412709355354,0.03,8.633628177642823,509640,-42.922203826904294
5,25785,174.17152318,4815,216.51,156,-0.1148081362247467,0.02531449729576707,0.03,11.187578248977662,513680,-41.3351547241211
5,25998,175.01572007,4849,218.37,157,-6.776643824577332,0.035418459214270115,0.03,8.275855576992035,517940,-41.74729194641113
5,26209,174.86823134,4878,219.31,158,6.148931169509888,0.022969835624098777,0.03,10.670662569999696,522160,-41.76733512878418
5,26433,174.42853659,4913,220.73,159,2.232998715341091,0.04489160310477018,0.03,7.862877869606018,526640,-39.9890100479126
5,26606,174.54774854999997,4936,221.9,160,-6.6332392454147335,0.018479112442582844,0.03,17.437993907928465,530100,-40.72293643951416
5,26807,175.31247926,4966,223.21,161,0.913114857673645,0.06265321616083383,0.03,28.83929603099823,534120,-40.64903373718262
5,27011,176.29186662999996,5009,225.07,162,3.7765908040106297,0.006197650055401027,0.03,10.220495402812958,538200,-40.92213649749756
5,27238,177.45549071000002,5057,227.17,163,1.9384356707334518,0.036234264448285106,0.03,14.750341796875,542740,-40.96359691619873
5,27444,177.96045757,5104,228.42,164,4.177285754680634,0.014324976783245801,0.03,18.62163805961609,546860,-40.791761779785155
5,27681,179.04164539999994,5145,230.29,165,-0.19296730682253838,0.043353060632944106,0.03,12.588858199119567,551600,-39.90782279968262
5,27888,179.00569796999997,5188,231.16,166,2.166079765558243,0.016406934428960084,0.03,7.947945368289948,555740,-40.94596614837646
5,28059,179.27172636,5220,232.34,167,-3.2884165346622467,0.05278995279222727,0.03,13.193768095970153,559160,-40.76119956970215
5,28249,179.42592293999994,5260,233.16,168,-0.6660092912614346,0.2523327924311161,0.03,52.119927978515626,562960,-41.861588668823245
5,28592,182.10486712,5312,235.33,169,-0.11241394206881523,0.008039410226047039,0.03,67.12205371856689,569820,-46.11962184906006
5,28813,181.8133667799999,5349,235.68,170,5.516236960887909,0.012800321821123362,0.03,58.49482879638672,574240,-49.709239387512206
5,29045,181.61009782999997,5400,236.14,171,-3.9987120389938355,0.02482662918046117,0.03,65.4843278169632,578880,-43.51248359680176
5,29291,179.44105102999998,5452,236.75,172,-1.2074705347418786,0.041560209542512896,0.03,23.439946031570436,583800,-46.29791450500488
5,29717,179.63717748999997,5532,239.12,173,13.590639114379883,0.006084876484237611,0.03,15.995683920383453,592320,-46.99642677307129
5,29856,181.82217334999999,5551,238.72,174,5.138567885756492,0.09303237181156873,0.03,14.976757860183715,595100,-48.086407852172854
5,30062,182.97543372999996,5592,239.13,175,-0.2741425074636936,0.02563582081347704,0.03,68.08290100097656,599220,-47.67352809906006
5,30253,183.43309647999996,5622,240.6,176,5.853668975830078,0.009192032273858786,0.03,25.58327693939209,603040,-49.236105346679686
5,30443,186.03167065999997,5658,241.66,177,7.677689170837402,0.007987452205270529,0.03,22.540016305446624,606840,-49.11061820983887
5,30622,184.26403291999995,5693,241.89,178,3.1248330235481263,0.021940921247005463,0.03,19.693041384220123,610420,-50.1381139755249
5,30823,184.49009748999998,5737,242.76,179,8.655977463722229,0.035107880551368,0.03,51.458451461791995,614440,-54.5351526260376
5,31062,185.58649488999995,5770,244.44,180,-4.00861873626709,0.12771930806338788,0.03,1195.3938094139098,619220,-61.812772560119626
5,31384,190.80573851999998,5830,246.73,181,3.3872729361057283,0.0007944297336507589,0.03,13655.6783536911,625660,-118.30054187774658
5,31649,190.87026217000002,5871,248.46,182,-7.960274600982666,0.09839947521686554,0.03,10317.276359814405,630960,-160.15443019866944
5,31753,186.81857821000003,5884,246.52,183,0.4056419014930725,0.022246482968330383,0.03,29007.277662563323,633040,-180.01332149505615
5,31875,185.74287534000004,5911,244.38,184,-1.2223284125328064,0.041325063444674015,0.03,5358.667630121112,635480,-162.3293613433838
5,32196,187.10646747,5971,245.93,185,0.06777386791072786,1.2573510646820067,0.03,12427.143130016328,641900,-116.30993814468384
5,32266,184.91943326,5981,244.01,186,0.36001732498407363,1.4024290978908538,0.03,5650.835186719894,643300,-93.38906822204589
5,32347,183.41465595000003,5992,243.18,187,-0.04483607031870633,1.1080128043889999,0.03,4317.115174865723,644920,-65.84097738265991
5,32419,183.49987908000003,6003,242.63,188,-1.395230095088482,0.30623563304543494,0.03,10185.340180635452,646360,-64.68887495994568
5,32492,183.29626315999997,6012,242.57,189,0.06475940234959125,1.0315762490034104,0.03,2565.06592168808,647820,-44.34909563064575
5,32562,181.46470645999997,6022,241.23,190,-0.011828790011350065,1.190982073545456,0.03,7483.05587234497,649220,-53.490584182739255
5,32640,180.99185241999996,6035,241.01,191,-0.3301930844783783,0.6322645097970963,0.03,3719.8292118906975,650780,-22.350977969169616
5,32710,180.54580015,6047,241.27,192,-0.7358798772096634,0.33971053212881086,0.03,1497.7665259599685,652180,-16.2383394241333
5,32780,176.55411630000003,6059,239.58,193,0.7996531307697297,0.4214545950293541,0.03,1385.2116111516953,653580,-13.702087926864625
5,32849,176.52086782000003,6069,238.37,194,1.5022270813584329,0.5607377216219902,0.03,3499.220122241974,654960,-13.419095754623413
5,32919,173.24674901999998,6085,236.15,195,-0.8307033322751523,0.34338020384311674,0.03,1789.101080584526,656360,-1.35051486492157
5,32990,173.38168652000004,6101,236.15,196,0.15027458295226098,0.6642388015985489,0.03,924.771173453331,657780,5.23850314617157
5,33061,173.12772938,6111,236.15,197,0.4421022776514292,0.27102484107017516,0.03,474.02386051416397,659200,10.287391901016235
5,33133,172.91530424,6128,236.37,198,7.720444846153259,0.06324702482670545,0.03,266.4184422850609,660640,6.0231285572052
5,33204,169.58390679000001,6142,235.18,199,0.013782328926026821,0.211854500323534,0.03,634.1988455474377,662060,8.428552162647247
5,33278,165.35459118000003,6158,233.38,200,-2.2820570528507234,0.37802750468254087,0.03,484.3884585976601,663540,14.184637653827668
5,33392,157.75652872,6173,225.08,201,-1.4908791422843932,0.5431552812457084,0.03,823.3733169913291,665820,10.919279551506042
5,33523,157.70485135,6194,226.16,202,-1.0753744542598724,0.4079934567213058,0.03,684.7100928544999,668440,9.866606783866882
5,34523,167.64499828,6387,236.05,203,1.76544808447361,2.015122628211975,0.03,8941.173825025558,688440,-5.454063272476196
5,34651,164.10103914000004,6405,234.97,204,0.5050631985068321,0.44153412580490115,0.03,3620.5969317674635,691000,4.060928893089295
5,34735,155.92697359,6421,227.23,205,0.4329673185944557,0.6079353362321853,0.03,3018.0346856594088,692680,7.318564605712891
5,34834,152.06697073,6443,223.96,206,0.3282900402322412,0.3475929215550423,0.03,7716.67416895628,694660,13.183239793777465
5,34930,151.31398043000002,6460,223.7,207,-0.16543047688901424,0.5099267080426216,0.03,16824.877559125423,696580,15.344682979583741
5,35056,150.43100600000002,6480,224.01,208,-0.395369260199368,2.1906170010566712,0.03,7261.8215957641605,699100,22.324221324920654
5,35390,149.15715393,6532,225.24,209,-1.0034191285725682,0.6523833528161049,0.03,46409.848594594005,705780,47.5889105796814
5,35535,147.05627086,6562,225.05,210,0.40220787823200227,0.6294822543859482,0.03,30288.90859242678,708680,58.10252122879028
5,35667,142.39980871,6592,221.1,211,0.7720201134681701,0.261637744307518,0.03,28501.91905027032,711320,49.496220874786374
5,35788,139.22932391999996,6621,218.51,212,0.4439048573374748,1.778621506690979,0.03,11839.953019046783,713740,60.95059032440186
5,35925,139.14275345999997,6650,219.43,213,1.1357021898031234,0.46128187477588656,0.03,4891.418834877014,716480,50.89223947525024
5,36030,138.96583327999997,6663,219.76,214,-0.1937484573572874,0.703256043791771,0.03,10147.981366157532,718580,75.35117092132569
5,36134,138.50277339999997,6684,220.23,215,0.5891528576612473,0.43801357597112656,0.03,5645.455384254456,720660,51.28285636901855
5,36229,134.57269164999997,6706,218.65,216,-0.007310717483051121,1.191109961271286,0.03,17157.117286705972,722560,79.4447865486145
5,36354,126.68687428,6734,212.46,217,1.982149702310562,0.21878223717212678,0.03,14671.390041089058,725060,53.04872732162475
5,36605,127.62325155,6790,214.81,218,1.7133000791072845,0.37931159883737564,0.03,4247.112450790405,730080,59.10219511985779
5,36747,127.55632744999998,6822,216.03,219,2.125912368297577,0.23814834877848626,0.03,1938.9854679703712,732920,64.484618973732
5,36870,127.32563207000001,6850,217.05,220,1.4577859491109848,2.137255162000656,0.03,13350.187655544281,735380,58.01403293609619
5,37870,133.76934239,7023,222.67,221,0.027195474645122886,1.0219837456941605,0.03,11164.131916809081,755380,49.35610551834107
5,38019,122.65355745999999,7056,214.16,222,-0.5357205901294947,0.7878512769937516,0.03,932.250916159153,758360,50.34524884223938
5,39019,123.80948865999999,7261,214.16,223,1.4430857963860035,0.01839543944224715,0.03,298.3612077742815,778360,27.232993173599244
5,39138,123.22863731,7288,213.84,224,0.9402554273605347,0.19520480334758758,0.03,1010.1331407845021,780740,22.48594183921814
5,40138,122.10071241,7482,214.29,225,-0.5510028958320617,0.6047952979803085,0.03,1938.4419572114944,800740,10.421128082275391
5,40927,127.70119098000004,7625,220.3,226,0.49103111643344166,1.5129462361335755,0.03,6511.8456450462345,816520,11.063172006607056
5,41063,126.89780308000002,7654,219.76,227,3.0655265644192697,0.09555400870740413,0.03,677.3313500404358,819240,9.068243622779846
5,41189,125.68737334000001,7683,218.85,228,3.2209259808063506,0.04161693081259728,0.03,727.2865095376968,821760,16.265611791610716
5,41297,124.06712388,7707,217.86,229,-3.6388887226581574,0.055068057402968405,0.03,449.9274852603674,823920,12.820402836799621
5,41389,113.80742596,7724,208.78,230,3.1668814778327943,0.16645786464214324,0.03,256.25437078475954,825760,12.190619945526123
5,41470,112.28896406,7734,207.51,231,1.5626420378684998,0.11661506108939648,0.03,313.55107275247576,827380,9.661743295192718
5,41551,110.85530340999999,7748,206.31,232,-2.4497683107852937,0.18431394174695015,0.03,104.64676611423492,829000,8.670567727088928
5,41664,109.59670212,7774,205.22,233,3.166785252094269,0.06114443279802799,0.03,237.51747891902923,831260,4.9117572665214535
5,41748,107.96229818,7792,204.19,234,4.5123775720596315,0.05464967973530292,0.03,288.2318146497011,832940,-2.182536447048187
5,41844,106.49724094,7813,203.48,235,0.5362039908766747,0.02070636972784996,0.03,309.53703829944135,834860,-3.475519585609436
5,41973,105.32578930999998,7842,203.26,236,-3.108506327867508,0.15060399547219278,0.03,750.0876259565354,837440,-1.2973300397396088
5,42058,103.71932988,7861,202.51,237,3.7479265332221985,0.07320254035294056,0.03,242.7271621376276,839140,-7.611822406505235
5,42165,102.69700797000002,7885,201.61,238,1.1513676138594746,0.3199781835079193,0.03,452.266763818264,841280,-6.722760134935379
5,42266,101.49558937,7902,200.47,239,0.609293868765235,0.12668978795409203,0.03,205.45804984569548,843300,-10.535615491867066
5,42422,100.55584509000002,7926,199.78,240,0.46968442052602766,0.5737274631857872,0.03,706.3544782519341,846420,-12.02451057434082
5,42573,99.66425321999999,7949,199.29,241,-9.483495616912842,0.041628512926399706,0.03,1328.2583273112773,849440,-8.01519796848297
5,42722,98.45320391999996,7973,198.36,242,0.47959174029529095,0.4498863458633423,0.03,1275.49914970994,852420,-8.313818562030793
5,42881,97.57260849999999,7999,197.82,243,-7.3058837890625,0.10041782595217227,0.03,5557.858787024021,855600,-8.303414899110795
5,43881,105.83082743999998,8187,205.64,244,-0.10144237671047449,1.3422019004821777,0.03,19313.237771606444,875600,-11.748199391365052
5,44881,114.73047718999999,8375,213.73,245,1.432314360141754,0.30053444802761076,0.03,11796.189519429206,895600,17.62275896072388
5,45881,123.80568957999996,8516,221.88,246,0.7063789628446102,0.07832434251904488,0.03,11307.964588093757,915600,42.65879249572754
5,46881,132.80584209999998,8662,229.97,247,2.027022993564606,0.10647053383290768,0.03,45532.08518864513,935600,37.4091682434082
5,46971,131.68710739999997,8676,229.06,248,0.6772756189107895,1.7835611641407012,0.03,37841.424418592454,937400,16.279131984710695
5,47106,130.61988416,8702,228.28,249,0.40524750016629696,1.6387899518013,0.03,13575.493358564378,940100,80.20946521759033
5,47203,129.1001186,8724,227.09,250,-0.32498045898973943,0.25736278370022775,0.03,25001.048171579838,942040,84.35417051315308
5,47343,128.02083102,8750,226.43,251,1.3957057476043702,2.178169143199921,0.03,25826.86385374069,944840,78.8652413368225
5,47980,131.36953488999998,8863,230.19,252,2.3888346791267394,0.2705071076750755,0.03,6658.423006433249,957580,78.7230299949646
5,48064,130.33807465,8878,229.19,253,0.11484008654952049,1.569715565443039,0.03,2328.5751695632935,959260,87.15224170684814
5,48149,129.02784963,8898,227.91,254,0.06076195798814297,1.0844150483608246,0.03,5221.747435867786,960960,68.47333993911744
5,48244,127.52673807,8920,226.61,255,1.442281886935234,0.3079402968287468,0.03,3955.0394669532775,962860,59.860469055175784
5,48340,126.25774810000001,8942,225.55,256,0.8626788139343262,0.15682729557156563,0.03,2898.834081825614,964780,55.58709831237793
5,48428,125.00242444000001,8963,224.3,257,1.1810818135738372,0.44968225061893463,0.03,885.7281366825104,966540,55.44496536254883
5,48513,123.71480968,8981,223.04,258,2.252115619182587,0.23760564401745796,0.03,929.0524129986763,968240,50.144228267669675
5,48604,122.22553647,8996,221.71,259,0.10931298928335309,1.4558179557323456,0.03,2475.665543937683,970060,54.22824602127075
5,48689,121.35266918,9007,220.83,260,0.07841910913120956,0.7923286378383636,0.03,1251.2730437278747,971760,48.60917377471924
5,48769,120.09404288000002,9017,219.62,261,0.5391092836856842,0.23203514590859414,0.03,693.8660092711449,973360,41.4690824508667
5,48854,118.78174547,9030,218.43,262,0.15367346708662807,1.208308035135269,0.03,679.675291967392,975060,43.93259081840515
5,48930,117.45091314999999,9039,216.92,263,1.2631428778171538,0.050695554725825785,0.03,334.08498004674914,976580,37.23146781921387
5,49025,116.13167641,9057,215.81,264,0.5856520168483257,0.0714953288435936,0.03,1856.3126374483109,978480,24.431448221206665
5,49106,114.54051184,9076,214.25,265,-0.9200922600924969,0.09972950704395771,0.03,604.2579992890358,980100,19.43788549900055
5,49275,113.87704763000002,9105,213.87,266,-0.9785419195890427,0.2553150229156017,0.03,870.2474457263946,983480,14.996790552139283
5,49357,112.85082550999999,9121,212.98,267,-0.42378101535141466,0.2789416998624802,0.03,4249.833604955673,985120,14.46015043258667
5,49455,111.80458261999998,9143,212.06,268,-2.060216689109802,0.1242262814193964,0.03,407.5131654679775,987080,9.274593830108643
5,49546,106.78511257999999,9163,209.54,269,0.4896686688065529,0.09844693094491959,0.03,290.2646199852228,988900,11.224204993247985
5,49627,105.35264801000001,9176,208.14,270,2.96987926363945,0.01861970014870167,0.03,1397.6108341932297,990520,-2.2572256326675415
5,49731,101.55902542999998,9195,206.86,271,-0.009196866303682327,0.1179289784282446,0.03,648.6287047326565,992600,3.0163440465927125
5,49812,99.85671773,9212,205.21,272,-0.8784725308418274,0.6497456192970276,0.03,4804.615979254246,994220,0.7708327054977417
5,49893,96.43091304,9224,201.76,273,-0.7458664879202843,0.07003224194049835,0.03,102.71656149029732,995840,1.5761251211166383
5,50002,93.70128459999998,9246,201.46,274,-3.19246187210083,0.07979000173509121,0.03,240.29967324137687,998020,-3.326625108718872
5,50114,90.35233937000001,9267,200.52,275,-0.12773592323064803,0.19670515283942222,0.03,70.44022592902184,1000260,-3.4364683985710145
5,50235,89.47823483,9291,199.82,276,3.0331354260444643,0.1367361705750227,0.03,388.5945483624935,1002680,-10.909391152858735
5,50314,86.14590695999999,9305,198.71,277,3.605651891231537,0.04297371711581945,0.03,138.61807010769843,1004260,-11.116633665561675
5,50402,85.04715743000003,9317,197.8,278,-3.9098511219024656,0.020904078939929606,0.03,114.90865034759045,1006020,-9.938226926326752
5,50484,83.80389281000002,9330,196.61,279,-1.5655549459159375,0.031431302707642314,0.03,112.60568379461765,1007660,-13.425313568115234
5,50631,82.60595598,9355,195.69,280,0.7880630537867546,0.04804700426757336,0.03,110.93856311142444,1010600,-15.624918484687806
5,50714,76.56126017000001,9366,193.3,281,0.6720089986920357,0.2264839492738247,0.03,198.5561236023903,1012260,-15.867441749572754
5,50800,75.39228398,9385,191.51,282,1.6197813510894776,0.016191854421049357,0.03,84.26745855510235,1013980,-15.95481071472168
5,50876,75.31412982,9403,191.23,283,1.9418289046734571,0.01278027198277414,0.03,136.83004442453384,1015500,-18.03611116409302
5,50952,75.11629991,9420,190.77,284,-2.085228767991066,0.02234362028539181,0.03,245.9557336807251,1017020,-22.04540581703186
5,51028,73.26265717999999,9438,188.32,285,1.3355223417282105,0.026351347379386426,0.03,644.5499480307102,1018540,-18.822199726104735
5,51109,73.12179802,9451,188.43,286,-2.436006361246109,0.04805292617529631,0.03,35.90314593911171,1020160,-19.43193736076355
5,51225,73.26925759,9472,188.78,287,-2.1782431304454803,0.18362077996134757,0.03,382.52542117834093,1022480,-21.58977198600769
5,51298,73.28689314000002,9489,188.79,288,-1.4505491197109222,0.13562872037291526,0.03,43.88403249382973,1023940,-19.755838680267335
5,51380,73.23011895,9508,188.88,289,3.452035331726074,0.011643281765282154,0.03,616.1930131733418,1025580,-25.22578182220459
5,51458,73.04278642,9525,188.96,290,3.259937012195587,0.10155894160270691,0.03,60.97080900371075,1027140,-24.126702308654785
5,51544,73.10984333999998,9542,189.04,291,1.9783518955111503,0.017628027219325305,0.03,56.459913754463194,1028860,-23.659422874450684
5,51637,72.88510761999999,9554,189.27,292,0.8161656903102994,0.07101313211023808,0.03,26.20346393585205,1030720,-23.525727462768554
5,51715,72.74803213,9569,189.35,293,1.6053545117378234,0.1885426603257656,0.03,77.55876992940902,1032280,-25.673180770874023
5,51787,72.74051060999999,9585,189.38,294,0.8048182308673859,0.11484911516308785,0.03,475.27745801210403,1033720,-27.66327018737793
5,51867,72.64237166,9604,189.48,295,0.10000692680478096,0.06337592378258705,0.03,117.08892078995704,1035320,-24.033906078338624
5,51975,72.55584283000002,9629,189.85,296,-1.1792632639408112,0.07868896834552289,0.03,874.3890472829341,1037480,-25.981552600860596
5,52055,72.46551715,9647,189.94,297,-3.3487592697143556,0.18296259082853794,0.03,89.6167007803917,1039080,-25.386432075500487
5,52141,72.35024956,9661,190.08,298,-0.8162856422364712,0.06660305485129356,0.03,171.28834086060525,1040800,-24.049689769744873
5,52216,72.25293419,9670,190.12,299,3.406246340274811,0.014681786578148604,0.03,337.46625193953514,1042300,-25.69367742538452
5,52299,72.25404674,9683,190.21,300,7.459623646736145,0.06379395704716444,0.03,37.47791007757187,1043960,-25.52114944458008
5,52378,72.11711561,9701,189.86,301,4.935410594940185,0.035080283600836995,0.03,108.41529626846314,1045540,-24.573028087615967
5,52452,71.94204171,9719,189.29,302,-0.7661452420055866,0.10627485327422619,0.03,53.27647946178913,1047020,-23.176437854766846
5,52525,61.81454096999999,9736,180.02,303,8.132634472846984,0.03261291282251477,0.03,64.91170733273029,1048480,-25.660576343536377
5,52596,61.65880729,9748,179.45,304,-4.668779671192169,0.009477312793023884,0.03,78.44263264536858,1049900,-24.427876949310303
5,52676,61.64126971999999,9765,179.41,305,2.940093684196472,0.16297100186347963,0.03,111.75428053140641,1051500,-25.22718725204468
5,52796,61.727554809999994,9792,179.62,306,2.71245219707489,0.02677728431299329,0.03,45.08610823452473,1053900,-25.442263889312745
5,52871,61.66727097999999,9810,179.41,307,1.9884490489959716,0.05748205985873937,0.03,35.122159510850906,1055400,-26.919600009918213
5,52944,61.49087936000001,9826,178.88,308,-5.223982644081116,0.035112707689404485,0.03,585.5268553882837,1056860,-26.85856409072876
5,53028,59.24957679000001,9841,176.38,309,2.455845910310745,0.16503736302256583,0.03,58.33525902032852,1058540,-26.217771434783934
5,53110,58.82864526,9859,175.75,310,0.636325654387474,0.019346457440406084,0.03,70.51490767598152,1060180,-24.95877332687378
5,53193,58.57346885,9878,175.26,311,-2.209573823213577,0.1358188573271036,0.03,210.41986943483352,1061840,-24.584830856323244
5,53267,58.399331809999985,9894,174.79,312,1.1878629118204116,0.18138178586959838,0.03,345.17140316367147,1063320,-28.247032737731935
5,53350,58.17260892999998,9910,174.25,313,4.073002195358276,0.16924480088055133,0.03,48.888180404901505,1064980,-26.319773960113526
5,53428,58.09479965999999,9927,173.98,314,0.8726650565862656,0.3533728301525116,0.03,38.443942475318906,1066540,-23.576090621948243
5,53503,58.058398909999994,9945,173.69,315,-1.4680150598287582,0.12377439625561237,0.03,68.15891248881817,1068040,-26.83869524002075
5,53582,58.00278238999999,9962,173.53,316,1.5939420312643051,0.09634827636182308,0.03,49.13090519607067,1069620,-23.92934160232544
5,53655,57.87946949,9975,173.01,317,-1.7859606802463532,0.01718529025092721,0.03,116.79375171363354,1071080,-25.279246711730956
5,53734,56.55727678,9992,171.29,318,3.536515235900879,0.01582629936747253,0.03,267.40785868167876,1072660,-28.785148334503173
5,53817,56.18919092,10010,170.7,319,-2.219329309463501,0.11575184650719166,0.03,324.0452929973602,1074320,-25.647424030303956
5,53894,55.98346731000001,10021,170.24,320,2.6273323357105256,0.14130618870258332,0.03,370.86391615867615,1075860,-24.234385871887206
5,53980,45.63642037,10036,161.1,321,2.036957696080208,0.02409965330734849,0.03,297.8924891382456,1077580,-24.25163564682007
5,54060,45.276297299999996,10049,160.41,322,2.48792542219162,0.03314078198745847,0.03,152.11731066703797,1079180,-23.082801055908202
5,54151,35.28974907,10061,151.32,323,1.5401833459734917,0.011505245184525847,0.03,27.63703925907612,1081000,-22.950058460235596
5,54253,35.11251189,10082,151.15,324,1.2419624403119087,0.19946628287434578,0.03,101.77271812856198,1083040,-22.99528303146362
5,54346,25.089047780000005,10104,142.08,325,-2.4355291187763215,0.036800792627036574,0.03,115.57410769164562,1084900,-22.980620765686034
5,54430,18.29880808,10122,135.03,326,-0.5958439152687788,0.03208679091185331,0.03,116.61653285622597,1086580,-24.092053604125976
5,54527,18.08613106,10140,134.64,327,2.359534132480621,0.14042177535593509,0.03,80.08430270850658,1088520,-24.023302364349366
5,54619,17.858889420000004,10153,134.3,328,-1.3104970365762711,0.1015104740858078,0.03,204.62340140640737,1090360,-21.623140811920166
5,54691,17.820357190000003,10166,133.94,329,3.7996377468109133,0.04807184524834156,0.03,120.26929503679276,1091800,-26.414154052734375
5,54776,17.791441020000004,10183,133.87,330,1.9240756630897522,0.02241661921143532,0.03,189.39570725858212,1093500,-20.85080041885376
5,54869,17.581900979999997,10205,133.99,331,1.6698631048202515,0.05835519134998322,0.03,43.142145675420764,1095360,-21.401979160308837
5,54948,17.506308020000002,10223,133.97,332,-2.390270909667015,0.07023623045533896,0.03,193.40772344470025,1096940,-23.475736618041992
5,55033,17.398296410000004,10239,133.69,333,-3.255424749851227,0.2862850949168205,0.03,205.93216094374657,1098640,-22.23476724624634
5,55122,17.305865590000007,10256,133.74,334,1.740231303870678,0.2035598263144493,0.03,50.94215893149376,1100420,-20.83677921295166
5,55210,17.124590280000003,10271,133.66,335,-6.504140186309814,0.016462179413065315,0.03,293.09799508452414,1102180,-23.443748569488527
5,55301,16.7678927,10291,133.28,336,3.024132117629051,0.28656078651547434,0.03,47.723685669898984,1104000,-21.091180038452148
5,55392,16.706722690000003,10308,133.34,337,0.5488346852362156,0.03845301885157824,0.03,74.00187677145004,1105820,-22.35181713104248
5,55495,16.68998281,10321,133.3,338,0.12325969636440277,0.3537613183259964,0.03,51.19478266239166,1107880,-20.34164171218872
5,55596,16.658505690000002,10339,133.3,339,6.143122315406799,0.06346681211143732,0.03,26.044344508647917,1109900,-22.938540840148924
5,55681,16.15775727,10358,132.59,340,-2.6716463804244994,0.006605874141678214,0.03,401.81159692704676,1111600,-22.121392154693602
5,55767,15.776620500000002,10376,131.94,341,-2.206524300575256,0.0328891709446907,0.03,119.38091287910939,1113320,-21.56570987701416
5,55846,15.36481165,10394,131.24,342,0.416157466173172,0.10083073861896992,0.03,56.56914577484131,1114900,-22.51826286315918
5,55927,14.90141875,10405,130.46,343,2.5997879028320314,0.12716846093535422,0.03,13.674945491552354,1116520,-21.276566410064696
5,56019,5.32492822,10417,121.38,344,1.3256865203380586,0.09352303631603717,0.03,112.34014046192169,1118360,-22.56015281677246
5,56101,-4.732648069999999,10432,112.2,345,1.8385418951511383,0.021306254900991917,0.03,47.13434571027756,1120000,-24.743645763397218
5,56175,-14.820298569999999,10442,102.94,346,3.4738131046295164,0.028716304711997508,0.03,15.3540014564991,1121480,-22.201385402679442
5,56255,-24.962853720000002,10460,93.74,347,1.6934442311525344,0.014057136978954077,0.03,56.40334759354592,1123080,-22.673466873168945
5,56345,-24.863204190000005,10475,93.74,348,6.4655732154846195,0.018029161356389524,0.03,46.22955094575882,1124880,-23.80075387954712
5,56499,-24.85041072,10495,93.93,349,-0.8566192530095578,0.05556210782378912,0.03,32.992993876338005,1127960,-21.91316032409668
5,56588,-24.75452096,10514,93.85,350,6.692356991767883,0.012370683159679175,0.03,10.461450335383415,1129740,-22.742062950134276
5,56674,-24.957146349999995,10533,93.31,351,2.1866756647825243,0.006567971198819578,0.03,73.3572749197483,1131460,-24.827355194091798
5,56754,-30.09467258,10551,87.74,352,1.1913001894950868,0.05627283807843923,0.03,172.39134405851365,1133060,-23.881177806854247
5,56842,-30.10027708,10562,87.78,353,-3.8281771898269654,0.0049148151651024815,0.03,10.734293222427368,1134820,-24.35524082183838
5,56933,-30.130638819999998,10581,87.84,354,6.814460182189942,0.014291485445573926,0.03,46.04068058133125,1136640,-24.66578378677368
5,57018,-30.171303789999996,10596,87.74,355,3.6231714606285097,0.06901565250009298,0.03,64.49339247643948,1138340,-25.429627418518066
5,57120,-30.146238489999995,10615,87.8,356,1.5893305957317352,0.06798834297806025,0.03,8.8923841714859,1140380,-24.050035762786866
5,57195,-30.145138779999993,10631,87.67,357,1.2759074956178664,0.0012128905160352587,0.03,28.202157080173492,1141880,-24.97188730239868
5,57285,-30.178365529999994,10652,87.72,358,0.890284726023674,0.013208746118471027,0.03,12.51607745885849,1143680,-24.676234912872314
5,57380,-30.081964889999995,10667,87.76,359,-4.526297557353973,0.0009000080841360614,0.03,32.4955614566803,1145580,-25.292362689971924
5,57468,-30.177668449999995,10680,87.79,360,3.6012200891971586,0.005135997966863215,0.03,29.35898713171482,1147340,-25.449002170562743
5,57559,-30.120941399999996,10699,87.9,361,-5.75488600730896,0.11422961689531803,0.03,18.244225779175757,1149160,-24.38152894973755
5,57643,-30.130302039999997,10710,87.89,362,2.0011791966855528,0.0015997970069292933,0.03,17.399585604667664,1150840,-26.135979652404785
5,57724,-30.169968479999998,10720,87.94,363,2.0484608888626097,0.05172980278730392,0.03,13.679899263381959,1152460,-26.388765335083008
5,57819,-29.984064639999996,10739,87.94,364,-6.250042152404785,0.00967830119188875,0.03,40.7944914072752,1154360,-25.097045040130617
5,57903,-30.00315695,10753,87.97,365,10.125786066055298,0.005920489749405533,0.03,80.14806141853333,1156040,-25.459432125091553
5,57983,-30.637399400000003,10768,87.08,366,6.026707315444947,0.03441741093993187,0.03,8.547635522484779,1157640,-25.0813268661499
5,58064,-30.579236950000006,10780,87.07,367,7.912184929847717,0.0063933901954442264,0.03,23.600386881828307,1159260,-25.385571479797363
5,58152,-30.598564999999997,10791,86.97,368,2.8596616327762603,0.013803860684856773,0.03,74.3366843700409,1161020,-25.442149257659914
5,58233,-30.483278289999998,10810,86.87,369,-0.23851775601506234,0.025612908508628608,0.03,14.05851120352745,1162640,-26.38215217590332
5,58311,-30.441642189999996,10821,86.84,370,-12.97075252532959,0.0034071821486577392,0.03,21.10876525938511,1164200,-25.735060691833496
5,58396,-30.512577680000003,10837,86.65,371,3.0550605773925783,0.03518551466986537,0.03,15.349461543560029,1165900,-25.97720060348511
5,58478,-30.442481150000003,10849,86.66,372,-3.4599688351154327,0.014578331029042602,0.03,20.54113864302635,1167540,-25.875087928771972
5,58562,-30.36349212,10867,86.69,373,0.04643555171787739,0.0335559107363224,0.03,13.760982739925385,1169220,-25.553436470031738
5,58664,-30.591472850000006,10882,86.62,374,1.026669779419899,0.006722813891246915,0.03,27.667673194408415,1171260,-26.326150703430176
5,58751,-30.705505070000005,10901,86.37,375,3.242436498403549,0.0007854089461034163,0.03,18.067451429367065,1173000,-25.97842721939087
5,58844,-30.929336440000007,10919,86.09,376,3.653345155715942,0.010533638019114732,0.03,6.51611020565033,1174860,-26.220751190185545
5,58958,-31.056894930000002,10940,86.44,377,1.9365990102291106,0.005949550750665366,0.03,7.414612796902657,1177140,-26.79775199890137
5,59055,-30.944986330000003,10959,86.53,378,3.154388874769211,0.002252925140783191,0.03,11.467162099480628,1179080,-26.954623317718507
5,59154,-30.89568564,10979,86.7,379,15.380371236801148,0.003371674008667469,0.03,5.543989497423172,1181060,-26.931377124786376
5,59260,-31.10630716,11003,86.29,380,13.930206680297852,0.0006098788202507421,0.03,4.906651884317398,1183180,-27.15349760055542
5,59353,-31.10421258,11017,86.39,381,-9.845987629890441,0.013676669634878635,0.03,6.840474292635918,1185040,-27.286178493499754
5,59485,-30.663529919999995,11044,86.85,382,-28.867511081695557,0.0029127514513675123,0.03,5.532011803984642,1187680,-27.603332710266113
5,59832,-26.201063349999995,11101,89.56,383,4.805045914649964,0.00477633704431355,0.03,4.208412742614746,1194620,-19.914318752288818
5,59980,-23.404768589999993,11128,90.28,384,6.50946741104126,0.0003921873983927071,0.03,2.634026747941971,1197580,-13.969682931900024
5,60203,-19.613795409999998,11181,91.75,385,-36.00927200317383,3.2721720732292736e-11,0.03,1.3076543807983398,1202040,-8.716272115707397
5,60499,-17.53609591,11249,93.9,386,-5.556008291244507,0.0006068913789931685,0.03,1.9901444613933563,1207960,-3.5724676489830016
5,60726,-16.216227890000003,11301,95.01,387,-15.862603378295898,0.01904929680749774,0.03,3.1133362889289855,1212500,2.2030484199523928
5,61007,-12.408593910000002,11343,97.09,388,26.886810493469238,0.00017256670398637652,0.03,2.849694216251373,1218120,7.385765814781189
5,61129,-10.166068550000002,11364,97.49,389,-9.950236010551453,0.0005012785521103069,0.03,3.0772565245628356,1220560,9.137689304351806
5,62129,-0.6210204400000009,11540,106.71,390,-8.51024661064148,0.0022590305947232992,0.03,3.699706220626831,1240560,14.247837543487549
5,62232,-0.7558688000000021,11561,106.88,391,2.1696050748229028,0.0011905128369107843,0.03,3.5157750844955444,1242620,14.254555940628052
5,62369,-0.12445999000000256,11579,107.32,392,-6.7590883925557135,0.017692155297845603,0.03,3.940237808227539,1245360,14.589802503585815
5,62676,6.0013207799999995,11638,109.61,393,-13.271601819992066,0.005124497623182833,0.03,5.668947148323059,1251500,15.52304573059082
5,62795,6.256379339999999,11655,110.08,394,-7.042493104934692,0.0013387557293754071,0.03,3.565980410575867,1253880,14.671655178070068
5,62887,7.254926940000001,11674,110.2,395,-13.368241691589356,0.0009569014277076348,0.03,4.22729400396347,1255720,14.890211629867554
5,62931,7.865299959999999,11685,109.56,396,-8.995972108840942,0.0011593430419452489,0.03,4.0331711888313295,1256600,14.850294256210328
5,62960,8.32672576,11692,109.05,397,-2.852089726924896,0.0036565945483744144,0.03,4.148892617225647,1257180,14.894615745544433
5,62973,8.698714629999998,11695,108.32,398,-1.780894872546196,0.00907151799183339,0.03,3.665515160560608,1257440,14.833339405059814
5,63062,9.719430099999999,11708,108.46,399,-5.72456693649292,0.0028341533965431155,0.03,3.9044192910194395,1259220,14.861203479766846
5,63074,10.03674212,11710,107.75,400,2.1576053708791734,0.0017319031059741974,0.03,3.7736600637435913,1259460,14.755492734909058
5,63093,10.420714899999998,11714,107.15,401,8.424037837982178,0.00170760658220388,0.03,3.8331661105155943,1259840,14.811904001235963
5,63105,10.699158619999997,11717,106.53,402,12.687161064147949,0.00043413798994151875,0.03,3.661428380012512,1260080,14.84106969833374
5,63118,10.963402159999996,11720,105.93,403,8.061569619178773,0.001350332226138562,0.03,3.5350865006446837,1260340,14.814099502563476
5,63173,11.614981829999998,11732,105.77,404,-10.339009475708007,0.0012844986573327332,0.03,3.9422449827194215,1261440,14.840085077285767
5,63185,11.892505100000001,11734,105.09,405,-6.982750177383423,0.001781393465353176,0.03,3.7641346216201783,1261680,14.825230360031128
5,63195,12.051249,11736,103.99,406,-2.4716450825333593,0.0026000808691605927,0.03,3.298229622840881,1261880,14.906054592132568
5,63205,12.325805370000001,11738,103.34,407,-1.474806695431471,0.003328995534684509,0.03,4.185713982582092,1262080,14.907927560806275
5,63219,12.606086659999999,11741,102.75,408,1.1176073953509331,0.001660395524231717,0.03,3.6586305022239687,1262360,14.8652428150177
5,63231,12.950843380000004,11744,102.03,409,-1.174497365951538,0.002954864478670061,0.03,3.226689887046814,1262600,14.891698503494263
5,63249,13.375955740000002,11748,101.39,410,-26.198991298675537,0.003158027527388185,0.03,3.6349287033081055,1262960,15.067259597778321
5,63276,13.810941340000001,11755,100.83,411,4.859867846965789,0.00025630331801949067,0.03,4.037717509269714,1263500,14.891381788253785
5,63291,14.151135450000002,11758,100.24,412,10.226082277297973,0.007587667996995151,0.03,3.9639546632766725,1263800,15.01922287940979
5,63309,14.527677429999999,11763,99.59,413,11.514867115020753,0.0009754864615388215,0.03,3.916474258899689,1264160,14.876279878616334
5,63338,15.05838262,11767,99.1,414,-2.0423920273780825,0.002186075260397047,0.03,3.8957523941993712,1264740,14.952141332626343
5,63499,16.296501210000002,11791,99.96,415,6.593811082839966,0.00014935971339582465,0.03,3.660172367095947,1267960,14.968651390075683
5,63557,17.000512930000003,11799,99.75,416,-0.5835204109549522,0.004012566537130624,0.03,3.9538997530937197,1269120,15.000085830688477
5,63615,17.645885609999997,11812,99.6,417,12.469480800628663,0.00014028796504135245,0.03,3.646268665790558,1270280,14.826585721969604
5,63751,18.612707460000003,11835,100.17,418,2.0252666264772414,0.0046244665747508405,0.03,3.5543171405792235,1273000,14.863256406784057
5,63797,19.24144707,11841,99.8,419,-5.776419889926911,0.00025660607279860416,0.03,3.6175875425338746,1273920,15.004151487350464
5,63807,19.556256970000003,11843,99.13,420,-2.8710922062397004,0.001887289626756683,0.03,4.42455073595047,1274120,14.87117142677307
5,63896,20.47204227,11855,99.16,421,5.359575700759888,0.002196960989385843,0.03,3.803710901737213,1275900,14.98142056465149
5,63924,20.90198488,11858,98.64,422,21.559825897216797,3.738479344974621e-05,0.03,3.5691333532333376,1276460,15.091072368621827
5,63977,21.687155650000005,11868,98.26,423,-8.230250144004822,0.0007175723963882774,0.03,3.87557475566864,1277520,15.08002495765686
5,64007,22.183601190000005,11875,97.54,424,6.911427164077759,0.0009600388439139351,0.03,3.8645753622055055,1278120,14.971467399597168
5,64086,23.231247310000004,11890,97.4,425,4.5070385336875916,0.0019797370070591567,0.03,3.6266303062438965,1279700,14.930956268310547
5,64255,24.13774658000001,11921,98.25,426,-7.523661375045776,0.0017970034736208619,0.03,3.585821282863617,1283080,14.760905742645264
5,64280,24.521393110000005,11924,97.53,427,-12.53682918548584,0.001586535741807893,0.03,3.787955415248871,1283580,14.801478290557862
5,64355,25.49663733000001,11934,97.36,428,9.65280215740204,0.003228479903191328,0.03,3.712038886547089,1285080,14.725127744674683
5,64468,25.83465555,11950,97.77,429,-2.137766095995903,0.0002850336386472918,0.03,3.5244073629379273,1287340,14.776058053970337
5,64615,26.766912370000004,11978,98.39,430,-6.048804605007172,0.0006795977911679074,0.03,3.991729426383972,1290280,14.69336256980896
5,64670,27.643054969999998,11990,98.01,431,-12.313445377349854,0.00387941412627697,0.03,3.7287787795066833,1291380,14.63364019393921
5,64709,28.224201439999998,11996,97.61,432,-8.416691851615905,0.00026846710534300655,0.03,3.741352891921997,1292160,14.705016660690308
5,64736,28.690163119999998,12000,97.03,433,1.387390711903572,0.0008804835350019857,0.03,3.4858432531356813,1292700,14.656807851791381
5,64827,29.88831842,12013,97.05,434,0.1053163006901741,0.00039442452252842487,0.03,3.752878737449646,1294520,14.750696420669556
5,64886,30.7544815,12024,96.76,435,14.99350380897522,0.0006762797711417079,0.03,3.6532352328300477,1295700,14.616381788253785
5,64914,31.353113930000003,12030,96.13,436,14.189136362075805,0.000524347172176931,0.03,4.319995641708374,1296260,14.599841594696045
5,64971,32.09778742,12040,95.79,437,-11.16803994178772,0.0010694654105463997,0.03,3.4883173942565917,1297400,14.612215185165406
5,65010,32.57810818,12049,95.15,438,-6.508560156822204,0.0022438444138970226,0.03,3.814786684513092,1298180,14.66262764930725
5,65225,36.60438216000001,12092,96.29,439,19.083308601379393,0.00024090690931188874,0.03,3.7884892582893372,1302480,14.96684422492981
5,65448,38.227241600000006,12126,97.67,440,-3.300837029516697,0.00010068630508612842,0.03,4.050866436958313,1306940,15.121207904815673
5,65559,38.92815986000001,12150,97.92,441,7.358863687515258,0.0012696958903688938,0.03,3.8643949031829834,1309160,15.136389446258544
5,65589,39.4614629,12157,97.43,442,17.170362758636475,0.007610689895227551,0.03,3.8709200501441954,1309760,15.238712644577026
5,65706,41.21173668,12185,97.79,443,12.644975948333741,0.000346205489768181,0.03,4.8086153864860535,1312100,15.100102996826172
5,65757,41.78963885,12194,97.38,444,-1.2846125423908235,0.00032090717286337167,0.03,3.6975713968276978,1313120,15.139169454574585
5,65777,42.25752502,12199,96.76,445,2.1704012975096703,0.001293860044097528,0.03,3.7522695422172547,1313520,15.179017353057862
5,65804,42.71002905,12205,96.29,446,1.7108551919460298,0.00018455926910974086,0.03,4.145356488227844,1314060,15.169932508468628
5,65902,44.106559350000005,12218,96.47,447,-0.6500906489789486,0.0004845940551604144,0.03,4.084799706935883,1316020,15.285581684112548
5,65989,44.22582134000001,12234,96.44,448,1.1511802598834038,4.245639411237789e-05,0.03,3.988240396976471,1317760,15.243643188476563
5,66083,45.0234751,12255,95.84,449,-13.429790496826172,0.0006902805776917376,0.03,4.44100513458252,1319640,15.325911808013917
5,66253,46.98631504,12285,96.65,450,-2.408624158799648,0.0008976796525530517,0.03,4.4873031854629515,1323040,15.17071852684021
5,66370,48.694367279999994,12303,96.96,451,-8.170453763008117,0.004943261737935245,0.03,3.7740630388259886,1325380,15.059073638916015
5,66438,49.50539963999999,12313,96.84,452,-11.049736261367798,0.0006710665024002082,0.03,4.059488046169281,1326740,15.127077674865722
5,66489,50.174625729999995,12325,96.47,453,16.620365381240845,0.002920487493975088,0.03,4.136722111701966,1327760,15.181765794754028
5,66565,51.43156582,12341,96.32,454,11.573863124847412,0.0008840117166982964,0.03,4.122254323959351,1329280,15.019207191467284
5,66656,52.616026790000014,12353,96.38,455,-2.702874206006527,0.0019666774198412893,0.03,3.6899150013923645,1331100,15.171906661987304
5,66678,53.06041490000001,12356,95.58,456,-3.424971252679825,0.0010224341065622866,0.03,4.276865363121033,1331540,14.992590284347534
5,66701,53.403043970000006,12359,95.06,457,7.661793732643128,0.0008891224773833528,0.03,4.137862956523895,1332000,15.030319261550904
5,66766,54.402350799999994,12367,94.81,458,12.606609535217284,1.3113734030412161e-05,0.03,3.9892706274986267,1333300,15.047497606277465
5,66826,55.22515079,12375,94.46,459,5.863081288337708,0.001061621418921277,0.03,4.256658887863159,1334500,15.031019115447998
5,66856,55.73331122,12380,93.88,460,12.359626150131225,0.0020907612750306727,0.03,4.5681341052055355,1335100,15.041502904891967
5,66938,57.0478933,12394,93.79,461,-0.4608794622123241,0.0009011998627102003,0.03,4.011893332004547,1336740,14.958587837219238
5,66989,57.86413962999999,12406,93.46,462,17.18149929046631,0.0006218310227268375,0.03,4.425406539440155,1337760,14.991076564788818
5,67094,59.18593073,12429,93.7,463,7.918483996391297,5.053630175098078e-05,0.03,4.1475138664245605,1339860,15.106643915176392
5,67105,59.426952220000004,12432,92.86,464,-11.218034839630127,0.006177363824099303,0.03,4.235549628734589,1340080,15.112499237060547
5,67125,59.89709971,12437,92.22,465,-10.551579928398132,0.0006565839037648402,0.03,4.061575376987458,1340480,15.106568765640258
5,67154,60.37567658000001,12443,91.71,466,-10.707518315315246,5.33290074145043e-06,0.03,4.191294646263122,1341060,15.119699811935424
5,67187,60.93757663,12451,91.23,467,-1.5001419588923455,1.95197249922785e-05,0.03,3.837810051441193,1341720,15.00406641960144
5,67245,61.77634779000001,12458,90.93,468,1.9761891290545464,0.00011188000680704136,0.03,4.203894090652466,1342880,15.065310525894166
5,67273,62.13531955000001,12463,90.4,469,-4.79910517334938,0.0008819245296763257,0.03,3.9789799213409425,1343440,15.040786170959473
5,67309,62.69789522000001,12472,89.98,470,-16.249570322036742,3.911124707656199e-07,0.03,4.160602593421936,1344160,15.016858768463134
5,67329,63.11120293000001,12477,89.33,471,22.643402576446533,0.0001263934016606072,0.03,4.505486297607422,1344560,15.01792869567871
5,67341,63.437621420000006,12479,88.63,472,-8.400193071365356,8.362470143765676e-05,0.03,4.149962466955185,1344800,15.04329581260681
5,67369,63.86288759,12485,88.07,473,7.901111745834351,0.0016607379948254675,0.03,4.240316951274872,1345360,14.889586257934571
5,67437,64.94646625,12500,87.73,474,-5.120197439193726,0.0016283818637020885,0.03,4.091306495666504,1346720,14.908647441864014
5,67466,65.50636879000001,12507,87.15,475,14.16707468032837,0.00016413060875493103,0.03,3.9672116160392763,1347300,15.044183015823364
5,67504,66.12340888,12516,86.6,476,16.39659571647644,0.0003414380000322126,0.03,3.5366920471191405,1348060,14.911625957489013
5,67586,67.21937393,12534,86.28,477,9.685208916664124,0.0006940113147720694,0.03,4.394814646244049,1349700,15.042718839645385
5,67656,68.16886513,12544,86.01,478,11.093948602676392,0.0011110424064099788,0.03,4.013994789123535,1351100,15.12616720199585
5,67731,68.97183030000001,12560,85.77,479,15.144256067276,0.0021322988730389627,0.03,4.30446937084198,1352600,15.173717498779297
5,67757,69.2434463,12566,84.97,480,-9.1018958568573,0.0009171529265586287,0.03,3.8044309973716737,1353120,15.279268646240235
5,67774,69.60196211,12569,84.21,481,14.077845764160156,0.0003424570124479942,0.03,4.221903812885285,1353460,15.34358744621277
5,67790,69.58246376,12573,83.05,482,10.777824068069458,0.00015067642161739058,0.03,4.558812427520752,1353780,15.295616245269775
5,67836,65.71044532,12579,80.04,483,0.7035184904932976,0.00032346619118470696,0.03,3.9397069573402406,1354700,15.375662469863892
5,67848,63.2273798,12581,78.68,484,-4.720697820186615,0.0014004836906678975,0.03,4.0258286714553835,1354940,15.402053165435792
5,68009,61.103519219999995,12607,78.06,485,-6.967184686660767,0.0014810757769737394,0.03,4.053086614608764,1358160,15.592739009857178
5,68065,59.73984310000001,12616,75.66,486,0.0024531468749046325,2.1204843778832583e-05,0.03,3.8504139304161074,1359280,15.628242206573486
5,68087,58.73677814,12621,73.61,487,4.144669093191624,0.0004121033649425954,0.03,3.722230839729309,1359720,15.538360548019408
5,68105,55.234377249999994,12626,70.98,488,-9.095688962936402,0.0013643639045767485,0.03,4.060755467414856,1360080,15.563207054138184
5,68204,54.026690239999986,12648,70.75,489,8.581899762153625,0.003060796856880188,0.03,4.4560062170028685,1362060,15.825559854507446
5,68225,44.89847406999999,12653,60.96,490,-2.3584958106279372,0.0024496478494256736,0.03,4.362116348743439,1362480,15.847616958618165
5,68270,45.59998718999999,12663,60.38,491,-11.087499856948853,0.0011645779479295016,0.03,4.30749614238739,1363380,15.834661483764648
5,68287,45.45367675000001,12667,59.18,492,5.158791780471802,0.002145445509813726,0.03,4.491640985012054,1363720,15.78379282951355
5,68315,39.730599670000004,12673,56.39,493,-11.19252347946167,0.0006125175539636984,0.03,4.245673334598541,1364280,15.78236689567566
5,68336,39.73874115,12677,55.41,494,16.12877984046936,2.8302834562055067e-05,0.03,4.234823977947235,1364700,15.786262321472169
5,68422,40.28020942,12691,55.35,495,2.2286539018154143,9.691642708276049e-06,0.03,4.367637741565704,1366420,15.756918954849244
5,68509,40.6714295,12711,55.78,496,-7.492048990726471,5.531681981665315e-05,0.03,4.637925207614899,1368160,15.798569011688233
5,68699,42.869282780000006,12753,57.39,497,-3.179161252081394,0.0001595929774339311,0.03,4.790104615688324,1371960,15.779673624038697
5,68790,43.83031006,12773,58.17,498,-3.4952170997858047,9.196715982398018e-05,0.03,4.167592060565949,1373780,15.867981481552125
5,68818,43.205409100000004,12779,57.56,499,10.861571407318115,1.929272428924378e-06,0.03,4.252197396755219,1374340,15.720735597610474
5,68940,44.27513016000001,12807,58.66,500,21.431569290161132,0.0005216196950641461,0.03,4.738252389431,1376780,15.645953607559203
5,69041,45.067030670000015,12829,59.48,501,15.34282693862915,1.920838468549846e-06,0.03,4.224176144599914,1378800,15.722520017623902
5,69129,45.79030444,12845,60.24,502,-9.361834645271301,0.00014763191684323828,0.03,3.9504022121429445,1380560,15.613408422470092
5,69381,48.82967616999999,12903,62.63,503,-10.48311219215393,0.00014274760651460382,0.03,4.409102129936218,1385600,15.59959282875061
5,69473,49.46198783999999,12924,63.0,504,-14.292246198654174,0.0033274123095907273,0.03,4.290035676956177,1387440,15.527900695800781
5,69529,49.90112229,12936,63.44,505,-2.792055380344391,0.002069797494914383,0.03,4.054282164573669,1388560,15.447203350067138
5,69591,50.35241109999999,12950,63.96,506,18.544590568542482,0.00024544981424696745,0.03,3.891533577442169,1389800,15.518633556365966
5,69664,50.92641283000001,12967,64.59,507,-2.81291201710701,0.0009559789265040308,0.03,4.039416766166687,1391260,15.431878232955933
5,69686,50.98585878,12972,64.67,508,-0.9910924807190895,0.00023636937839910388,0.03,3.7592646718025207,1391700,15.482839679718017
5,69792,51.26175065,12996,65.61,509,-44.7659610748291,2.1798173406750722e-06,0.03,4.184472155570984,1393820,15.705915641784667
5,69861,51.66145566,13012,66.12,510,-6.67180061340332,0.012673706654459238,0.03,3.9926939606666565,1395200,15.74846692085266
5,69997,52.36205455,13031,67.21,511,-14.420295190811157,0.0008811771083856001,0.03,4.085581541061401,1397920,15.665609502792359
5,70221,54.7417389,13077,69.3,512,9.071024203300476,0.003053964616265148,0.03,4.458230948448181,1402400,15.680376863479614
5,70235,54.72388985,13080,69.26,513,22.459430027008057,1.7266788745473605e-05,0.03,4.57585301399231,1402680,15.696151494979858
5,70257,54.62786139,13085,69.19,514,8.86811888217926,0.005294539243914187,0.03,4.431864947080612,1403120,15.635055923461914
5,70320,53.98136908000001,13100,68.21,515,12.156408262252807,1.232503228720816e-06,0.03,3.8558205127716065,1404380,15.587751817703246
5,70334,53.61625296000001,13103,67.77,516,7.381132650375366,0.001181924022966996,0.03,4.37405264377594,1404660,15.536297512054443
5,70473,53.97125674000001,13126,68.58,517,18.605548334121703,6.829623471276136e-05,0.03,4.1098017454147335,1407440,15.549900102615357
5,70533,53.78468216,13140,67.82,518,4.475858044624329,0.00016195525604416615,0.03,4.196678638458252,1408640,15.58060302734375
5,70545,53.49008369,13143,67.48,519,-4.357932221889496,0.0015469300444237888,0.03,4.074974763393402,1408880,15.626745510101319
5,70625,53.97894396999999,13160,68.18,520,-21.018203830718996,3.3207561955350684e-05,0.03,4.460975503921508,1410480,15.503376674652099
5,70734,54.42240086000001,13177,68.38,521,4.6882300019264225,3.680573445308255e-05,0.03,3.886308658123016,1412660,15.624060344696044
5,70799,54.60227297999999,13190,68.75,522,7.607231688499451,3.794403874053387e-05,0.03,3.978676676750183,1413960,15.597713661193847
5,70809,54.16530941,13192,68.32,523,-4.522786395251751,0.004558475874364376,0.03,4.883371603488922,1414160,15.580915355682373
5,70911,54.02086214999999,13216,69.04,524,9.188425207138062,0.00025021730616572315,0.03,4.645366287231445,1416200,15.566707801818847
5,71088,55.006593779999996,13244,70.02,525,-14.449075317382812,1.0653181476527607e-06,0.03,4.38981431722641,1419740,15.790438556671143
5,71117,54.72325923,13249,68.62,526,39.40903491973877,0.00019430440152063967,0.03,4.422353065013885,1420320,15.75868625640869
5,71273,55.87316341999999,13273,69.93,527,-9.36941089630127,0.0013660910888575017,0.03,4.603481912612915,1423440,15.732683467864991
5,71797,59.756236609999995,13373,74.42,528,-5.07239759862423,3.8987989370298237e-07,0.03,4.574530184268951,1433920,15.606547164916993
5,71853,60.10191060999998,13385,73.85,529,4.33428635597229,0.0008485170226776972,0.03,4.038093030452728,1435040,15.570383787155151
5,71990,60.30897597999999,13413,73.75,530,-1.3343414776027203,0.0032651622081175447,0.03,4.182495975494385,1437780,15.745236492156982
5,72145,61.65704089999999,13448,74.75,531,24.816458225250244,0.0012407502392306924,0.03,4.344861853122711,1440880,15.682891416549683
5,72172,61.580681269999985,13455,74.63,532,-5.920050001144409,0.00024039400450419633,0.03,4.270234930515289,1441420,15.755176544189453
5,72190,61.48702315999999,13459,74.54,533,9.652774024009705,9.517179823888e-05,0.03,4.21608829498291,1441780,15.65940203666687
5,72214,60.74553593,13463,73.87,534,-17.70733585357666,0.0030858742189593612,0.03,4.399992454051971,1442260,15.679001903533935
5,72258,60.5921078,13469,73.72,535,-2.727090784907341,0.0007580236706417054,0.03,4.44049242734909,1443140,15.798068618774414
5,72374,62.183999060000005,13494,74.6,536,2.767888903617859,0.001617115008411929,0.03,4.2667730212211605,1445460,15.726577234268188
5,72388,61.79255611000001,13497,74.17,537,9.629469180107117,0.0003377798682777211,0.03,4.198044967651367,1445740,15.705818605422973
5,72451,62.06832484,13507,74.41,538,8.348380970954896,0.0009222158172633499,0.03,4.580627727508545,1447000,15.716992235183715
5,72728,61.56552333,13561,75.03,539,5.658032417297363,0.0005500659230165183,0.03,4.27334086894989,1452540,15.533640718460083
5,72763,60.55313258999999,13565,73.15,540,0.38412647396326066,2.3561472950461847e-08,0.03,4.637874448299408,1453240,15.618222188949584
5,72900,61.66722075999999,13589,73.41,541,-13.60480694770813,0.0005937669266131707,0.03,4.415981447696685,1455980,15.577603912353515
5,72996,62.67427873999999,13602,74.07,542,7.167704319953918,0.0010267856909194962,0.03,4.169506466388702,1457900,15.542304992675781
5,73151,63.50287016,13622,74.45,543,-17.534191846847534,0.01568781677633524,0.03,4.412963914871216,1461000,15.417052507400513
5,73344,64.03987554999999,13661,75.87,544,-12.678874254226685,0.006378122954629362,0.03,5.375870740413665,1464860,15.377773237228393
5,73510,66.76214728,13686,77.33,545,4.318093609809876,0.00015352242844528518,0.03,4.708505213260651,1468180,15.626857423782349
5,73681,67.19284562,13718,78.77,546,10.968092012405396,0.00029209933636593633,0.03,4.2351758003234865,1471600,15.672295427322387
5,73888,67.07378497999999,13756,79.86,547,-6.029840135574341,0.0044319858774542805,0.03,4.126474726200104,1475740,15.7948748588562
5,74057,67.89392190999999,13783,80.68,548,15.3906964302063,0.007289466308429837,0.03,4.33882862329483,1479120,16.34606866836548
5,74319,70.92544699999999,13837,82.36,549,-13.842946004867553,5.601695283985464e-05,0.03,4.84375616312027,1484360,16.3172926902771
5,74430,70.25462008,13856,81.77,550,15.863837814331054,0.0008025860268389806,0.03,4.7701538562774655,1486580,16.3607271194458
5,74650,71.81706539999999,13893,82.8,551,-15.61211314201355,0.0010566997894784435,0.03,4.850325882434845,1490980,16.364579677581787
5,74873,72.41677102,13938,84.35,552,-9.034042763710023,0.005504482123069465,0.03,3.6808868288993835,1495440,16.68287115097046
5,75094,73.12533277,13980,86.05,553,-4.551623570919037,0.0007468063588021324,0.03,4.409115791320801,1499860,16.50658416748047
5,75400,74.10060709000001,14023,88.35,554,-17.896679592132568,0.00026325025828555226,0.03,4.672756028175354,1505980,16.230644130706786
5,75564,73.91866072,14044,89.08,555,10.049861812591553,0.000208029829809675,0.03,4.998753309249878,1509260,16.143881225585936
5,75809,74.79381916,14086,91.31,556,-1.794700948894024,0.005174837028607726,0.03,4.3486578345298765,1514160,16.498567390441895
5,76073,77.79531997999999,14138,93.72,557,29.73956413269043,7.289010881095237e-07,0.03,4.629296088218689,1519440,16.630572986602782
5,76417,82.14722884999999,14207,96.51,558,5.715697944164276,0.0029202281148172915,0.03,4.447537577152252,1526320,16.27304353713989
5,76616,82.48121297000002,14234,97.9,559,15.763737773895263,0.0012042844493407757,0.03,4.580752372741699,1530300,16.140328121185302
5,76824,85.61863666,14261,99.68,560,2.898806059360504,0.0037653901265002785,0.03,4.737054812908172,1534460,15.787237071990967
5,77013,85.38986174,14295,100.75,561,14.564456748962403,0.007309864601120352,0.03,4.757755851745605,1538240,15.719276332855225
5,77236,88.55541196,14327,102.47,562,-16.31279501914978,0.0034627888235263526,0.03,4.190440738201142,1542700,15.634949970245362
5,77436,88.39767801999999,14357,103.42,563,2.4655878826975823,0.00046935260616010055,0.03,4.528035652637482,1546700,15.399753665924072
5,77650,89.39184378,14387,105.45,564,3.5619292736053465,8.06313048087759e-05,0.03,4.382376432418823,1550980,15.103264570236206
5,77866,90.32846491999999,14421,107.41,565,11.533828520774842,1.1816391361207933e-05,0.03,4.7335908770561215,1555300,15.077839612960815
5,78178,94.54642863,14481,110.24,566,-3.605652479827404,3.2024225788518377e-06,0.03,4.3075075387954715,1561540,15.10205397605896
5,78567,99.52173140999999,14542,113.8,567,4.984325838088989,0.005894931429065764,0.03,4.667942452430725,1569320,15.28502779006958
5,78776,99.92832310000001,14583,115.31,568,-15.894722843170166,0.017928839148953556,0.03,4.765351521968841,1573500,15.141010046005249
5,79043,103.77719568000002,14629,117.7,569,3.420322445034981,2.9776005703752162e-05,0.03,4.874351704120636,1578840,15.165917587280273
5,79312,105.07369356000001,14664,120.03,570,25.003583335876463,7.463123420166084e-05,0.03,4.6595438599586485,1584220,15.225174856185912
5,79501,105.74883693,14701,121.72,571,-10.585626077651977,0.00039398453081957997,0.03,4.257846224308014,1588000,15.169886016845703
5,80207,111.64770982999998,14813,128.66,572,-27.302844047546387,0.005381719814613462,0.03,4.466362738609314,1602120,15.183183479309083
5,80451,113.09971233999997,14865,130.82,573,8.579520320892334,0.0001313547221798217,0.03,4.488533103466034,1607000,14.955429220199585
5,80696,113.71392936999999,14915,132.59,574,13.454736852645874,0.00011496256702230312,0.03,4.481713235378265,1611900,15.09853138923645
5,80761,114.06378672999999,14928,132.95,575,1.189632375538349,0.00011358915944583713,0.03,4.590386521816254,1613200,15.13529920578003
5,81050,117.89052937999999,14984,135.46,576,6.8789393424987795,0.00048323808587156234,0.03,4.213807928562164,1618980,14.957039165496827
5,81250,118.01635037,15025,136.64,577,-27.920157623291015,0.00027035411912947895,0.03,4.30666332244873,1622980,14.834603691101075
5,81451,118.26017088999998,15058,137.95,578,37.22959899902344,9.363067965750815e-06,0.03,4.3499803185462955,1627000,15.152009439468383
5,81646,118.62339968999999,15091,139.15,579,-22.002592468261717,0.0017524295777548104,0.03,4.730859899520874,1630900,15.185991287231445
5,81840,119.34297726999998,15125,140.83,580,-16.70995330810547,0.00019854085112456233,0.03,4.811444234848023,1634780,15.080725955963135
5,82064,122.78932683,15156,142.9,581,2.913885599374771,7.323232712224126e-05,0.03,4.928223586082458,1639260,15.178836584091187
5,82379,124.77610892000001,15212,145.89,582,-26.248264217376708,7.133732037800655e-06,0.03,4.924053144454956,1645560,15.251575422286987
5,82604,125.62916709000001,15247,147.68,583,-6.976019549369812,1.3784891007162513e-05,0.03,4.317715227603912,1650060,15.337251901626587
5,82833,126.60637301000001,15293,149.85,584,6.641968488693237,0.0023134689661674203,0.03,4.938963162899017,1654640,15.536960935592651
5,83025,126.04348522000001,15333,150.16,585,17.297162580490113,0.00032487830103491435,0.03,4.9984523296356205,1658480,15.777815246582032
5,83248,126.69759966000001,15378,151.83,586,-27.64953680038452,0.00044112198520451784,0.03,4.713941502571106,1662940,15.997338485717773
5,83492,127.86477557,15424,154.05,587,-1.976348230242729,1.4550733203577692e-05,0.03,4.808222091197967,1667820,16.101068353652956
5,83681,128.30534762000002,15454,155.76,588,6.201040756702423,0.00011076061382482294,0.03,4.635945022106171,1671600,16.322764205932618
5,84377,133.19590671,15566,161.73,589,-7.150812613964081,9.496151506027672e-05,0.03,4.656783354282379,1685520,15.93479585647583
5,85073,139.3137393,15690,168.48,590,-2.9819438070058824,6.901925953570754e-05,0.03,5.206567203998565,1699440,16.250090217590333
5,85274,139.99947174000002,15724,170.04,591,-3.5734398007392882,0.0001429415846359916,0.03,4.70020958185196,1703460,16.11764006614685
5,86274,149.57385776,15889,179.87,592,-15.470150136947632,0.00906445742584765,0.03,4.8443816781044005,1723460,15.928668880462647
5,86450,150.14205743,15929,181.35,593,11.453478381037712,0.03798410436138511,0.03,4.281507992744446,1726980,16.146297883987426
5,86688,151.25730295,15983,183.52,594,4.259929084777832,0.004396597051527351,0.03,4.978308308124542,1731740,15.712546014785767
5,86925,153.64594476,16028,185.03,595,0.12110846340656281,0.00032267391216009853,0.03,5.170089387893677,1736480,15.887169981002808
5,87925,163.22164361999998,16233,194.16,596,3.990842854976654,0.0014700490224640816,0.03,4.4592729091644285,1756480,15.34892816543579
5,88113,163.90710134999998,16258,194.14,597,-3.184690760076046,0.0020013076544273646,0.03,4.962563645839691,1760240,15.299291324615478
5,88306,163.72705465999996,16283,195.16,598,-26.064314556121825,0.00016118996718432753,0.03,4.74928834438324,1764100,15.311059522628785
5,88474,166.37176283999997,16317,196.56,599,-12.722315073013306,0.0035477774101309477,0.03,5.2234522819519045,1767460,15.130510711669922
5,88739,169.17602736999999,16364,197.99,600,-12.243954586982728,0.02599449986591935,0.03,4.746989667415619,1772760,15.032219552993775
5,88961,171.7344314,16411,199.2,601,-20.361265659332275,0.003751690749777481,0.03,4.636028754711151,1777200,14.627617073059081
